,baseMean,log2FoldChange,lfcSE,stat,pvalue,padj
CASP17P,936.266926404244,7.66095844067856,0.610809912589814,10.9051249879628,1.08943450088524e-27,2.54133942356502e-24
AL022578.1,31.4171303489689,7.49481738218263,0.695506123410676,9.33826053224786,9.79296999008404e-21,7.61473366514677e-18
PCSK1N,397.734055689759,7.10900571371339,0.70685921004978,8.64246461934501,5.50131932750284e-18,2.80722010308731e-15
CXCL11,68.5619399955789,7.00482146843774,0.497274728294367,12.0754607599587,1.4236456453389e-33,7.74890324757963e-30
CCN5,88.7008370274856,6.45660078146806,0.520209073504193,10.4892456886838,9.67980646195071e-26,1.75623955241326e-22
CXCL10,197.054056733712,6.40041935595377,0.390045893461338,13.8455998293674,1.35247023212192e-43,2.20844864203188e-39
SYNPO2L,52.6235778818579,6.12787557656156,0.499608208196352,10.2637936936101,1.02595169460362e-24,1.28867424778327e-21
PLA2G7,155.016343169766,5.82951153015097,0.420187199192299,11.4937140860894,1.41878074029447e-30,5.79181767706711e-27
OSR1,32.1402590243681,5.59971251179784,0.593234198538186,7.75361994155459,8.93093560827951e-15,2.3907089761901e-12
WNT7A,10.0884392863644,5.42550391543856,0.640196963172275,6.91272244327669,4.75439632215828e-12,8.6039129781355e-10
CXCR2P1,13.7062861636892,5.16945446594548,0.512802952390353,8.13071462734411,4.26766958231682e-16,1.48269737467343e-13
SEMA6D,27.7564616473348,5.1616070186491,0.504740812835348,8.2450376764097,1.65108187326256e-16,6.24627321081041e-14
FLT1,105.315317119418,5.07454932626429,0.442280602342999,9.21258880601864,3.18352574622557e-20,2.16599132958822e-17
SEPTIN4,110.638365570797,5.01690140974068,0.523537723598425,7.67261121535114,1.685297224003e-14,4.29987787042892e-12
GRIA4,15.9898034106514,4.88873119074654,0.551635033973265,7.04946377813815,1.79608579466689e-12,3.62077591865625e-10
SYT2,29.2520607143778,4.72008618418641,0.519988311787165,7.15417269938381,8.41790359932916e-13,1.78514218017462e-10
TMCO5B,6.55962835849222,4.67999740157224,0.698062015880133,5.27173419818928,1.35140698963421e-07,1.06091945835274e-05
OPRM1,93.4692144295976,4.65048614213921,0.402358536518706,9.07271950465875,1.16082826980655e-19,7.2904480067966e-17
APOA2,16.4466664163616,4.58492105698298,0.560588154159619,6.39492830945949,1.60622698737458e-10,2.32106906874685e-08
AC009299.1,8.12904181339762,4.58218292430221,0.562473724576031,6.36862268900172,1.90733169658225e-10,2.68489821323203e-08
MS4A2,24.2598569117497,4.52134725520681,0.561783813263715,6.26815364214455,3.65354206238723e-10,4.81118454328395e-08
TAC4,34.0020436151836,4.51558870393874,0.500380188386301,7.02583512603951,2.12789613452951e-12,4.23736780252834e-10
SIGLEC1,28.7847566215648,4.49261358135964,0.407504757858158,8.57073080500161,1.02830366940797e-17,4.93857959345964e-15
ALOX15P1,49.9895488208413,4.41940109594103,0.465646849293721,7.34333562253771,2.08335224752763e-13,4.79141673941954e-11
FAM180B,17.1918672491066,4.38315861846249,0.47893315935403,7.06394734293527,1.618380932404e-12,3.30331778065312e-10
ROCK1P1,51.9050810545604,4.2783789774718,0.419175877059683,7.82101059934091,5.24009318971567e-15,1.47526692577357e-12
SIM1,5.96815135989449,4.26059537362511,0.592999875379252,5.4984756473006,3.83088432983474e-08,3.38132487685791e-06
CXCL9,110.704717548056,4.06596369525258,0.358163709545952,8.56022989916911,1.12642672809995e-17,5.25526344089831e-15
DGKA,298.130519868729,4.06029755770952,0.373808541067708,8.18680479843613,2.6825273158606e-16,9.73399745348618e-14
FPR3,36.4785199547303,4.05227263986275,0.353654641215119,8.63065907851646,6.09994490681142e-18,3.0183636479795e-15
IFIT2,585.751666346044,4.03542919767458,0.290377578215877,10.4533869878133,1.41383984265357e-25,2.30865907906902e-22
CD300E,22.7652050275936,4.03239008823506,0.367886192245769,8.24273960847447,1.68311605900948e-16,6.24627321081041e-14
CCL8,2.88268839516672,4.00454254078341,0.714667108663267,4.20411476107133,2.62105935771548e-05,0.00116302386554718
IFIT1,465.022146166894,3.95171342801894,0.266947852200681,11.0572660678309,2.02165970749234e-28,5.50194689394041e-25
FAM110D,5.95277239223279,3.9502185859228,0.891483637286443,3.30933565410452,0.000935176504442791,0.0241240081217162
OASL,62.8416159759122,3.83869442114834,0.337651185730062,8.4071803716921,4.19984943001773e-17,1.80471950901999e-14
MS4A4A,4.75702762514741,3.76296165803284,0.504227265388186,5.47959590385446,4.26298330568631e-08,3.70267310630594e-06
TIAM2,45.3642211697182,3.75671323552439,0.386469071983786,7.13307593120943,9.81503744549719e-13,2.05474033907082e-10
SLC30A3,6.479967707085,3.72463909382482,0.595625824954055,4.57441396876133,4.77554784893566e-06,0.000255628351338144
PCSK5,1179.10517869582,3.70491081605908,0.289077171997834,9.35705437190089,8.19905949145566e-21,6.69412212179897e-18
ACOD1,4.74143572218415,3.66446714333068,0.783123959947961,3.40235681654758,0.0006680735167928,0.018031359430925
IFI44L,370.425122431451,3.6494273276764,0.250148264203263,10.5914279921749,3.26571485000797e-26,6.66573222322253e-23
MUC19,2.97572016411529,3.61778252171508,0.632776300398747,4.13697940340919,3.51907683467723e-05,0.00150426716317917
GREB1,13.9278001952298,3.60508815529062,0.486577792206862,5.35389858931971,8.60791152503046e-08,7.02792936461112e-06
RSAD2,283.995838373059,3.59546606830905,0.29471905446339,8.80657707400272,1.29025392768538e-18,7.02285212839152e-16
CCL2,7.90749936962294,3.52193888008636,0.531451775920905,4.74537671026936,2.08118646173804e-06,0.000124940050491619
ADGRE1,7.66368603615985,3.46487057086097,0.516905609350786,4.76851194158399,1.8559167377676e-06,0.000112241720040767
LHFPL6,6.12800653735841,3.46303495472606,0.607223312566749,4.05622594480891,4.9872017262243e-05,0.00200581322629351
IFIT3,451.254159050109,3.45238866373495,0.260449255491416,9.41599414099987,4.68626426119933e-21,4.02747416426967e-18
SUCNR1,3.82033738445535,3.42133353094897,0.518646237659326,4.66856472704123,3.03311221696575e-06,0.000172570346309525
CD274,34.3542412174957,3.38005213850172,0.354509536674117,6.71364770841013,1.89818278212898e-11,3.19540480921486e-09
DDX60L,279.003256557147,3.34628465387148,0.304969754097025,7.69349951052856,1.43164255101679e-14,3.71068114532591e-12
INHBA,4.33107454406388,3.32450308671105,0.54956530914388,4.22971218895202,2.33990481892763e-05,0.0010642982113724
TNFAIP6,10.946950734627,3.30185092657578,0.597112172880082,3.85497236720722,0.000115742701627309,0.00406433669193112
SDS,13.1290185013327,3.29460589267798,0.415684560909036,5.52006523326254,3.38873837516221e-08,3.0073211373926e-06
CLEC12A,9.79309234135595,3.28031281771226,0.552476240630462,4.12744051239211,3.66823283220978e-05,0.0015477667678851
GABRE,59.9570604126917,3.27381772011346,0.423841832945542,5.36477889478553,8.10484391726398e-08,6.71796935659917e-06
HLX,4.11369901489438,3.25507877374743,0.573389953032644,3.93288853740876,8.39311623711246e-05,0.00305236514556368
PMP22,2.72249887640383,3.25190461405868,0.699184476497193,3.22075888375036,0.00127851662600062,0.0312996971303809
CMKLR1,13.6698127140355,3.25124361079297,0.434397436133648,5.18245142243507,2.18988412169833e-07,1.61074855059514e-05
PRLR,2.5814527766635,3.25006851197722,0.603428615783537,3.72880644557362,0.000192388849120974,0.00633214604549243
OAS3,487.870890148328,3.24345555592966,0.250312833377962,8.96260701320949,3.17091018606235e-19,1.84920687243615e-16
PDCD1LG2,6.32441958430294,3.22706228454562,0.479966454823942,4.64003736544993,3.48346186940106e-06,0.000196142927122241
AC139495.2,41.4398596156127,3.22475129089416,0.494882179382321,4.49551708180511,6.94010862062034e-06,0.000354140730206592
CASP5,5.53461263907158,3.22362875555905,0.610044556061352,3.64502679921534,0.000267363939290816,0.00846082512534832
SMTNL1,2.49406406162346,3.20246658062268,0.675467576515553,3.26065477781221,0.00111155282790104,0.0278382609306689
CCR1,42.5914475468709,3.17463928048833,0.356774130775993,6.09528296168344,1.09244038764351e-09,1.30207730582707e-07
MMP13,5.67973081205914,3.16322615839357,0.528327259898478,4.09448143714797,4.23114309389809e-05,0.00172887334375887
AC005515.1,5.33000056656769,3.12811104557291,0.574828749534812,3.70216529235031,0.000213767270643802,0.00691209061850028
SIGLEC14,9.18939642413581,3.1268715338959,0.549806184219572,3.8684023478472,0.000109550792722254,0.00388037938039411
HERC5,61.0486119294933,3.12528311035429,0.3232219024567,6.57530660577372,4.85530132232873e-11,7.62328993195248e-09
PBX1,476.981034753013,3.08758333370626,0.344527777020327,6.05925987089014,1.36749308241837e-09,1.58367337183047e-07
MTND6P4,4.38671482430958,3.07567489486139,0.545368023311537,3.8060076978068,0.000141227988696108,0.0048144297023356
DDX58,166.998429767257,3.05755956154995,0.26844285618908,7.66479537120065,1.79116542788327e-14,4.49968311875475e-12
CXCL13,5.76142526460854,3.05619803553464,0.616906589903323,3.3330784095804,0.000858907327668504,0.0223685769593286
TNFSF13B,49.8313584473914,3.04939384174656,0.30882657485922,6.63606699870563,3.22163452183893e-11,5.20852179278297e-09
CD80,8.87189450137058,3.04275485330804,0.535495240680012,3.81470216376526,0.000136347277804479,0.00468718884056703
CHRDL1,4.0146517925614,2.9716040178231,0.572483907292296,3.44394662052298,0.00057328887481323,0.0160295103370295
ADORA3,2.18760371611979,2.96729730316109,0.599548391626152,3.28129860848297,0.00103330286142035,0.0262862070858504
TLR2,16.7027457780308,2.95406354528431,0.477268471385262,4.0942648895551,4.23509913346528e-05,0.00172887334375887
AL353625.1,5.75726369329761,2.91129584257608,0.611750159439601,3.12430787811635,0.00178223866724564,0.0411047672280424
CXCR1,46.1387187389112,2.89254496849696,0.519638276382871,3.64204304130692,0.000270482833975924,0.00852647528183949
CD163,51.4531971769287,2.89174172945997,0.277658067971432,6.81320641348915,9.54470355239744e-12,1.6758652076032e-09
AQP9,100.006581805765,2.84551001128189,0.414560502957162,4.45172658301361,8.51825851100266e-06,0.000422780070596239
IFI44,102.503446357816,2.83640544032084,0.262881459238821,6.98567881370634,2.83481943819334e-12,5.57708031400711e-10
FPR2,28.1605487242386,2.82636993761791,0.515964760747745,3.53971836171738,0.000400554246423697,0.0120232542092878
C3AR1,16.1659772987775,2.81528599232225,0.382952484830713,4.74023818679415,2.1346712553756e-06,0.000126470590251798
GBP1,319.310530238729,2.81462148826006,0.250472762554813,7.24478569945485,4.33123489735303e-13,9.55739657282131e-11
OLR1,13.8336224092361,2.79116002608499,0.419761374605655,4.2670911009087,1.98038302839776e-05,0.000913493629116018
SBK1,29.5361354874346,2.79045929320231,0.268071154935327,6.67904494847372,2.40504396567761e-11,3.96686494096462e-09
CDH6,12.2740783247651,2.75419790307361,0.468017722994809,3.74814417678168,0.000178147844615667,0.00593668603005966
CLEC4E,22.0400492622612,2.74195470663801,0.424806352423529,4.10058535306762,4.12106399573611e-05,0.00169077522578831
XAF1,332.50079169713,2.72725999938079,0.232238863620837,7.43742874233481,1.02663929112439e-13,2.42956420069133e-11
PLIN2,38.3584678937161,2.72395856710919,0.363707829178343,4.73995451514972,2.13766200682811e-06,0.000126470590251798
SLAMF7,100.612947459513,2.70960514892623,0.291787751149672,5.85907099317987,4.65463693596094e-09,4.84111888708957e-07
OAS2,390.107434492833,2.70501850265815,0.232470410847298,7.33434632151149,2.22806264870567e-13,5.05306041537707e-11
MX2,266.412530665924,2.67559655907929,0.267490675372215,6.26413072809991,3.74910862205607e-10,4.89753557516428e-08
SERPING1,50.9894366041581,2.66513882901639,0.276097941884573,6.03097153731239,1.62976893366091e-09,1.86101377047196e-07
CMPK2,108.315375770794,2.65853441830637,0.269730351721133,6.1488609187782,7.80413724046292e-10,9.50998186563575e-08
BEST1,90.5367318383956,2.65710175462739,0.378654408131022,4.37629067308786,1.20716010389005e-05,0.000586658254060136
IL18RAP,33.2861273486366,2.65552744727301,0.444348285525455,3.72574284902506,0.000194740859372005,0.00637259216971037
CD84,25.8681134647121,2.64220335075708,0.325045385598042,5.05222785346003,4.36686313106625e-07,2.9835359023925e-05
PRR26,10.839307080628,2.62082982620962,0.521370069936495,3.10878955212569,0.00187855472482043,0.0430223283332298
MS4A7,28.6139642080126,2.6128725046894,0.324802973604314,4.96569500824294,6.84554659951369e-07,4.60003828903124e-05
SAMD9L,247.470538917668,2.59746799845727,0.265333723495059,6.02059918134385,1.73772586387537e-09,1.97050872439035e-07
NLRP3,9.25297336771279,2.58155848014372,0.514539487223133,3.07373587337111,0.00211396501169126,0.0470285213568209
MEFV,38.9697336735858,2.57546768823861,0.394846349374861,3.99007788911551,6.60516010627942e-05,0.00254376555130747
FFAR2,41.2282925703642,2.55967688232786,0.452130587035412,3.44961594515104,0.000561384596127212,0.0157505997769093
AIM2,10.0989875813231,2.55362253693651,0.43682638367411,3.55661332511357,0.000375666467284454,0.0113481046959452
FASLG,4.27642817783722,2.54992251832124,0.500236575257711,3.09837903700414,0.00194582386128719,0.0441296636541091
CCR5,19.2445448634906,2.54944722269206,0.333190112157878,4.65033974945174,3.31388655422856e-06,0.000187890463694438
ADAP2,29.1080804955081,2.51073392360582,0.332032606950648,4.54995651625976,5.3657002723338e-06,0.000279924983217057
GOLGA2P11,9.3659505730651,2.48812631575033,0.473469096134376,3.14302734412888,0.00167210219047094,0.0391732520347202
CARD16,23.3445645138717,2.48349408702749,0.380361507183647,3.90022139204329,9.61047645177989e-05,0.00344899934024426
SAMD9,343.901442006292,2.47959642306413,0.244138580512334,6.06047770065322,1.35717866946117e-09,1.58295503525939e-07
RPH3A,4.97019618161334,2.45720394345805,0.414968101550564,3.51160471856291,0.00044540994510051,0.013081113297745
MSR1,28.0131925689154,2.45217076933298,0.299678384820024,4.84576413545841,1.26125286224049e-06,8.07646979902937e-05
ACE2,11.4760457115484,2.45182655950962,0.395262373338126,3.67307049049077,0.000239653338494227,0.00764316282084421
NHSL2,29.0176102077832,2.43832870100942,0.375133413271728,3.83417912167574,0.000125984313748019,0.00436772369255074
APOBEC3A,45.0386739769469,2.435708154564,0.402322247833214,3.5685527268161,0.00035895862077881,0.0109559538667237
WARS1,412.732975247545,2.43468977332574,0.243276015382545,5.89737451540272,3.69330942446318e-09,3.89084190916511e-07
IFIH1,9.72285535590913,2.42735651975939,0.46093689738133,3.09664192185195,0.00195726145015747,0.0442660972570933
C6orf223,8.18341038327736,2.42178229342573,0.383107485597286,3.71118379795972,0.000206292244239333,0.0067102511079364
HAVCR2,16.0335294878472,2.41726543399037,0.349346002484731,4.05691040947955,4.9726145401506e-05,0.00200488451422516
EPSTI1,85.6303236083978,2.41662879353134,0.253573701652688,5.58665502099917,2.31484916102219e-08,2.11168558381739e-06
SLAMF8,10.7366895335761,2.41228682548054,0.412987166264444,3.4196869560257,0.000626932359901712,0.0171764740014011
IFIT5,52.9314976861133,2.40903643662786,0.26411616230526,5.33491182186468,9.55909992164745e-08,7.72725458517729e-06
MNDA,114.848040205701,2.40659928717661,0.320600391627303,4.38739104477383,1.14718428336831e-05,0.000559175288451375
ZBP1,13.7940944049994,2.40222330776543,0.411216368687183,3.4099403976599,0.00064977077827138,0.0176540882502385
PKNOX2,15.0597921320083,2.39371563126158,0.355280005912103,3.92286536835509,8.75020527185904e-05,0.00317515781964859
LILRA5,15.0280920802621,2.39368832153677,0.434777869490058,3.20551808023577,0.00134819576586554,0.0326627428202054
MAS1,10.2367816298873,2.38885146899682,0.441431908183815,3.14624168132969,0.00165383282166557,0.0389127321973734
GBP5,193.970607783545,2.3800630910797,0.291088061401988,4.7410501290668,2.12613314048198e-06,0.000126470590251798
LRCH4,84.3089545576965,2.37487907359558,0.356385129490613,3.85784635728409,0.000114390514398625,0.00402560928796369
MS4A6A,36.430632461614,2.35731047984177,0.293702064233454,4.62138556425974,3.81185580264163e-06,0.000212436154953362
FCER1G,35.7208568473115,2.35144309502914,0.316537756232554,4.26945306971932,1.95952872488048e-05,0.000906434689761286
LILRB4,14.670286212783,2.35109748470759,0.372016448833884,3.63182189643151,0.000281427331937269,0.00880349981456642
IFITM3,229.854801411722,2.34912083003664,0.266058989862194,5.07075829587801,3.96233740258944e-07,2.73000031421447e-05
HERC6,108.969326568792,2.32113620907495,0.230031754999088,5.74327752740134,9.2861343085821e-09,8.76492989160908e-07
CD68,70.5246115423523,2.31615531248171,0.262642763212009,5.01119960963588,5.40917697050903e-07,3.64985333683644e-05
GBP4,146.675827064391,2.31167038998034,0.244978758393004,5.35422090708827,8.59258332522902e-08,7.02792936461112e-06
CREB5,24.1294062897197,2.31031034527694,0.387571629801364,3.38082110382665,0.000722695785532609,0.019314074438563
C12orf50,71.6954648859733,2.2763881910992,0.346061076726928,3.68833213827852,0.000225728870041823,0.00724150632399397
CCL4,20.6422327191259,2.27049741155659,0.389381347575677,3.26286150958903,0.00110293403211357,0.0276648384184064
SRRM4,8.84610417789381,2.26553430854343,0.344310979526436,3.67555606354478,0.000237331913187017,0.00758393896366106
HMGA2,16.2330745320059,2.25020584196881,0.314368583167581,3.97687908051026,6.98256484187713e-05,0.00263931253016231
OAS1,142.99531357207,2.22570443050107,0.261986925857494,4.67849464811762,2.88988712084817e-06,0.000165255925318158
DDX60,91.9548352241803,2.19793578082264,0.24961764578742,4.79908292157688,1.59393796186439e-06,9.78474172153519e-05
CCDC13,90.1107966253998,2.13419855867451,0.326767569260265,3.47096427360311,0.00051859299188067,0.0148303064175472
IFITM1,158.814973604462,2.12608824287982,0.267807904822855,4.20483571470635,2.61271865050454e-05,0.00116248182136481
GBP1P1,13.3200338310596,2.10332557873378,0.358479413448706,3.07779341669686,0.0020853942649697,0.0465196761648773
PARP9,199.717320157283,2.07725845475784,0.223982937103586,4.80955589157061,1.51265996899931e-06,9.46368759915315e-05
UBE2L6,82.2933257838834,2.0626962661037,0.252502928628861,4.20864926943361,2.56901792140856e-05,0.00114930119558029
USP18,36.1621018167643,2.06035365441479,0.309693085040032,3.42388547124881,0.000617326317760966,0.0169702381190553
CLEC7A,65.6671105120102,2.04491130826557,0.310516352025742,3.36507659403054,0.000765224133010327,0.0202517745023106
CFAP97D1,7.34460120899639,2.03434989412247,0.318636632882687,3.24617381487109,0.00116967401503547,0.0290267583457663
APOL3,29.5464770564403,2.03357038094376,0.293273413745805,3.52425529386583,0.00042467487013061,0.0125849713185049
DTX3L,212.17843533993,2.02875449570545,0.222534242214329,4.62290425720023,3.78404402932047e-06,0.000211788888899249
IDO1,73.568241124303,2.02682936605414,0.309853868255384,3.31391494911988,0.000919994867142466,0.0237699306733692
FCGR3A,86.5827602932049,1.98961273884835,0.283004678928141,3.4968069877729,0.000470862378381065,0.0137298424581864
SLC8A1,59.0147445473811,1.96907091685121,0.276072050140134,3.51021016564084,0.000447752642941078,0.0131186603799613
MX1,340.045880161013,1.89961421061314,0.236556364366045,3.80295923563098,0.000142977889631923,0.00486392908291599
TRIM22,271.098628814323,1.88577140623308,0.231969423911267,3.81848345052539,0.000134274590364919,0.00462567465415351
EIF2AK2,245.336667859273,1.87166223156577,0.217186587354898,4.01342570083029,5.98438451695735e-05,0.0023490147783028
APOL2,45.5950637349433,1.86649397577316,0.263760129222631,3.28515905086544,0.00101924817337523,0.0260458582520253
TRIM5,34.4606486755782,1.85179367294351,0.270538180135275,3.14851557187822,0.00164101979966051,0.0386669730283644
SCGB3A1,1.90634600016169,-5.67889694939769,0.915429972933823,-5.1111467700828,3.20209084417447e-07,2.28327254997926e-05
IGHG1,57.9584371557548,-4.97663701508966,0.759583071461472,-5.23528915334887,1.64726774043706e-07,1.26282793115478e-05
RPS21,13.557068848363,-4.81264402095157,0.453183364890019,-8.41302730049866,3.99561922404877e-17,1.7633639543106e-14
RPLP1,115.56722038073,-4.78434473952364,0.296787451362644,-12.7510267774077,3.07666027054035e-37,2.51193927788267e-33
GCHFR,2.17658024783406,-4.66861916149286,0.596881718714263,-6.14630846693613,7.93069833989024e-10,9.59262023644946e-08
ROMO1,3.41251995943985,-4.50568851829669,0.551729343059117,-6.3540004938999,2.09786159832353e-10,2.92786171273718e-08
AC007325.4,2.13130868582897,-4.43008833510445,1.01053564527336,-3.39432691083011,0.000687975140904997,0.0184768849931541
MRPL53,1.11928743587732,-4.38503183583038,0.759142987590055,-4.45901745938056,8.23362148203139e-06,0.000411462338082565
MT3,1.13757359017332,-4.3456020527442,0.751003352647183,-4.45484303226,8.39545957775044e-06,0.000417955669039899
MB,3.26821909704713,-4.33845100278599,0.488780164197442,-6.83016874931412,8.48148047959858e-12,1.50537059512353e-09
TSPAN7,8.41892278845204,-4.31297844633836,0.419665339911767,-7.89433420218811,2.91869106292014e-15,8.66532843025872e-13
COPS9,2.78369375619591,-4.26239729875315,0.693787246395565,-4.70230220532634,2.57244374867218e-06,0.000149485530149708
HES6,1.84686695377201,-4.25463889996109,0.707247060223821,-4.6018415388409,4.18771762978539e-06,0.000231017706678262
CRIP1,28.6579942550603,-4.22190423942572,0.387398158492867,-8.31677737436907,9.03873046433789e-17,3.68983574380434e-14
GADD45G,1.64686099997394,-4.20418330461539,0.766655340295716,-4.17943127270132,2.92239018705552e-05,0.00127803739466794
IGFBP2,21.5538706782013,-4.20068711073847,0.345064607290643,-9.27561692249294,1.76594094934171e-20,1.25374129399134e-17
AL928654.3,3.96106794542878,-4.14684785703,0.489941785015797,-6.42290156355726,1.33700957274076e-10,1.9492883315432e-08
AC011448.1,1.43841786747904,-4.12212026131334,0.73769015521394,-4.23229216120946,2.31321645285073e-05,0.00105509808543574
TUBB2B,1.40410239768291,-4.1100206259883,0.992677056633576,-3.13296313761414,0.00173051174125739,0.0403103084493464
TMEM141,1.21061091805873,-4.0926092850007,0.626024496136291,-4.94007711213814,7.80916817333488e-07,5.16258733208037e-05
RPS5,55.5557609040224,-4.01873527627277,0.31689031770311,-9.52612026190392,1.63271301948466e-21,1.56826887618618e-18
IGHA2,9.29413404745499,-3.99263786770364,0.969283353626823,-3.08747473739843,0.00201864928866047,0.0454029259428882
ANAPC11,7.41794292627367,-3.96423886723319,0.441264220154983,-6.71760530729655,1.84735255230189e-11,3.142231231931e-09
UCHL1,1.7382016576666,-3.92300166925876,0.774793685031507,-3.7726193769118,0.000161542631490183,0.00543882397856331
C11orf97,2.71359919188237,-3.92224076011628,0.525739369295657,-5.55834493435648,2.72344761394756e-08,2.43011891192075e-06
RPL35,36.7966975779156,-3.91905891919693,0.324312235989531,-9.00076714740777,2.24145893327925e-19,1.35558455264878e-16
RRAD,22.0955221164863,-3.90989902156651,0.364359724723092,-7.98633554731657,1.39008993427912e-15,4.20347750682292e-13
ALKBH7,2.14963925631992,-3.88040845637517,0.720176718572193,-3.99958563237896,6.34534854532925e-05,0.00245182674403235
ECRG4,2.39973751495691,-3.873882812576,0.548920699322565,-5.23551546903355,1.64525043787205e-07,1.26282793115478e-05
RPS19,52.3881904139363,-3.85885054645016,0.312975175003337,-9.13443229617069,6.57508377821565e-20,4.29458172057933e-17
IGHG3,16.3642556630522,-3.78042977458017,0.870892310793087,-3.1926217973473,0.0014098747216577,0.0338059388104971
TCTEX1D2,5.48611193796031,-3.7726383428637,0.429138347646032,-6.46094285927267,1.0405260727869e-10,1.54461365841249e-08
MRPL54,0.853337701989691,-3.7701077213259,0.861371428093351,-3.21592710296595,0.00130023855514174,0.0316889483088201
RPL13A,260.607482803568,-3.76482403649727,0.244217039447836,-11.3211757981688,1.03079991475167e-29,3.36638636159601e-26
TSTD1,5.57807712102451,-3.76355049942866,0.441634553677142,-6.25755044848452,3.91071171659472e-10,5.02818989136025e-08
RPS28,27.3885775286815,-3.76118666600652,0.350739800780463,-7.87246460157172,3.47722076562364e-15,1.01392031931908e-12
CHCHD1,3.1166195760974,-3.74721204512144,0.481043464304883,-5.7109434988192,1.12351545192168e-08,1.04833621796737e-06
CCN1,16.8017376502118,-3.74447170792642,0.421696802390305,-6.50816343014678,7.60751292079699e-11,1.1609633503149e-08
OAZ1,31.8903543467808,-3.71557545999463,0.31018179761211,-8.75478664737935,2.04489943418473e-18,1.07713428583234e-15
UQCR11,12.7281569080979,-3.69252437158541,0.356141888104869,-7.56025747466296,4.02272274124292e-14,9.95258176390237e-12
EDF1,5.98863606788684,-3.69099083307189,0.428758115026307,-6.27624466747826,3.46848235770412e-10,4.60462182267891e-08
TCTEX1D4,4.7307820209664,-3.66493068118585,0.569073334904594,-4.68293015632621,2.8280289468394e-06,0.000163176270929119
RPLP2,44.9990226380144,-3.65203438886552,0.284246147042096,-9.33006275181896,1.05808244785878e-20,7.85337649594818e-18
CCDC107,1.5553480635326,-3.64662308065035,0.633850002920769,-4.17547222285203,2.97368539642551e-05,0.00129141778825085
RPS10-NUDT3,7.27044037566183,-3.61840428066692,0.547342043127723,-4.78385374107999,1.71965835790275e-06,0.000104777243754455
FBXW9,3.0294319484183,-3.61110547652834,0.511092268319232,-5.10887297339709,3.24086136737292e-07,2.3008706638188e-05
NDUFB7,2.81731175260993,-3.59672126420635,0.500259119468136,-5.19075247836987,2.09445903626943e-07,1.55456461832925e-05
SEC61B,3.69924630873443,-3.58466854306914,0.538120032964635,-4.80314499504797,1.5619269393975e-06,9.66087310356887e-05
MRPL23,3.08698616523443,-3.55959037281011,0.528738537793823,-4.84093779789549,1.29227821249491e-06,8.21074355324098e-05
PRDX5,56.933444480976,-3.55952644458771,0.260365870322553,-9.83049906432379,8.32054110854746e-23,8.49163223509197e-20
MIF,8.8250122081254,-3.54193564020189,0.452708164629854,-5.61495426591266,1.96614241035525e-08,1.80365951790398e-06
C9orf24,25.2887497068409,-3.53569213224939,0.325731513517056,-7.78460795785612,6.99297090623552e-15,1.93539359199864e-12
RPS8,149.587954762892,-3.53462581882476,0.244247110595319,-10.3773011383715,3.14541529009428e-25,4.66922602472269e-22
CIB1,26.4776512464607,-3.53384957474952,0.399865926359666,-6.33674791402557,2.34665461032989e-10,3.16682009356006e-08
EFNA4,0.766547139625369,-3.52846006827785,0.794190756896047,-3.18369364831175,0.00145408815344704,0.0347639904211373
ATAD3A,4.69673565038512,-3.52648872152745,0.454484965783469,-5.55901495481184,2.71301453370439e-08,2.43011891192075e-06
CKB,19.1107677937806,-3.52568249686909,0.311862813898563,-8.09869719732152,5.55508606517666e-16,1.81418000716539e-13
FIS1,4.7188290069522,-3.49657819646434,0.415006113330248,-6.01576245812469,1.79041957390796e-09,2.01625939464435e-07
RPL13,165.908694491595,-3.48745916013551,0.250814294451334,-9.91753347063783,3.49280728498827e-23,3.80227001043823e-20
KRT10,4.9719868115833,-3.47832342501497,0.385305736234169,-6.43209584481444,1.25856333993501e-10,1.85144871872061e-08
ATP5ME,3.369132111148,-3.47222866020866,0.422666182106401,-5.84912814147574,4.94156298856428e-09,5.07489195221799e-07
TMEM9,2.95141714426242,-3.46656083470853,0.453813507422951,-5.43518602765983,5.47392929011209e-08,4.71730678132952e-06
PLPPR3,1.75834419967304,-3.44559651830319,0.616470056724621,-3.96709700921556,7.27533848540003e-05,0.00271851263451023
ENKD1,3.4555637137882,-3.43372117577653,0.480798045907373,-5.06183666196804,4.15236705715166e-07,2.84890763345502e-05
DLL1,1.28232410576474,-3.42949658467626,0.58895252581605,-4.12511446709556,3.70550415824238e-05,0.00155946333505
FAM166B,7.75051518127108,-3.42873571017321,0.413951492699637,-5.86719882161531,4.43219087167268e-09,4.63931056048353e-07
EFNA1,6.09893991111942,-3.42045066758451,0.445829705298282,-5.42909240640461,5.66413530802242e-08,4.84239086097896e-06
TOMM7,16.0352473514982,-3.39701221231034,0.296256991210433,-8.09098952405052,5.91819456935912e-16,1.89486664947186e-13
RPL18A,85.0647812489099,-3.39368581033496,0.295958591347457,-8.08790783682559,6.06983056818177e-16,1.90604352592e-13
TIMM13,1.79345108916655,-3.38893773127681,0.620048789901536,-3.85282218139024,0.000116764187963878,0.00408274609263847
RPS18,170.404139046105,-3.38470573939615,0.231114604108528,-10.3182823456554,5.82559862134521e-25,7.92718332399549e-22
CYP2G2P,7.6227854785991,-3.35030444783695,0.510962267502479,-4.59976126872332,4.22975394164082e-06,0.000232551017215667
ELMO3,2.94021383576933,-3.35017066089008,0.486522123629024,-4.83055250059316,1.36154706231761e-06,8.58405481875841e-05
GADD45GIP1,6.31607743891153,-3.35016313931058,0.411206737604972,-5.71528363810099,1.09521189901406e-08,1.02779971833337e-06
BLOC1S1,8.48733541995162,-3.34878740255044,0.352201012249533,-6.66888316858763,2.57757333678205e-11,4.20891950163141e-09
KCNH3,1.86767141378569,-3.34845596529914,0.706272753066349,-3.32514025934471,0.000883740645185043,0.022942131947896
TMEM190,3.60424410411293,-3.34626866972305,0.511647968696184,-4.58570895082798,4.52448520932263e-06,0.000243027365075754
ENDOG,1.92501599392663,-3.34502719397928,0.521973515145552,-4.49261720362454,7.03531766291368e-06,0.000357880691955506
S100A6,64.0481336232904,-3.33885131687172,0.247169043709143,-9.46255761552395,3.00501414014508e-21,2.72604866080161e-18
HAGHL,1.96226624431691,-3.33649585679194,0.564980937800283,-4.13553042318373,3.54135691864624e-05,0.00150786854885822
TRAPPC2B,2.23794785892019,-3.32123867226486,0.550046640411777,-4.22007608396104,2.44219882197418e-05,0.00110467214858771
SLC25A25,13.6310761412803,-3.31694454701553,0.371733297600006,-6.23281412231363,4.58129654307311e-10,5.79906908928998e-08
NAT14,1.3195902774745,-3.30895723170894,0.619328332992898,-3.72816341301701,0.00019288029880887,0.00633214604549243
TMED9,3.90615839418094,-3.30857931160085,0.431576956223066,-5.34917186451361,8.83576049813333e-08,7.17806632706563e-06
FAU,30.7002675118447,-3.29397088161939,0.310412925247508,-7.39006238155287,1.46759943894941e-13,3.42349017694355e-11
AP001931.1,1.00851037623192,-3.26758540283693,0.728922936931049,-3.11087124296574,0.001865362555654,0.042780203892239
TMA7,11.9378169196246,-3.26720997036295,0.350393179829961,-6.47047402995454,9.76959437380757e-11,1.46355694064132e-08
NDUFA13,8.15207292959481,-3.26600895462217,0.382177845996593,-5.92920018352494,3.04413787630963e-09,3.29190247564636e-07
CCDC153,4.45736058087405,-3.26557419351084,0.406363458036619,-5.57524095413786,2.47187483866556e-08,2.23001349395414e-06
RPS15,73.5746364631564,-3.26242568842185,0.309593250502209,-7.30773582677217,2.71681243882931e-13,6.07710004296491e-11
RPL10A,55.3358964108895,-3.23978021789863,0.254026147806984,-8.81712468277273,1.17436446543211e-18,6.61248184691065e-16
OXLD1,1.36086631864183,-3.23213381166126,0.543528155508351,-4.10674918868479,4.01266531685969e-05,0.00166301553195436
MRPL41,1.59547628324314,-3.22720189246045,0.61234999566879,-3.63713874126505,0.000275683452947055,0.00865699058302396
FDXR,2.45764716135896,-3.22658002916191,0.484972564274029,-4.59114637236222,4.40818036966603e-06,0.000239140123775006
NDUFS6,3.78701954076142,-3.22011976717193,0.513270220881856,-4.32544043439246,1.52227400522671e-05,0.000724700065053848
C22orf15,3.27089792694905,-3.21943725454635,0.47025542118588,-4.71964203825534,2.36260028021151e-06,0.00013877302149487
MRPL14,5.28580786704355,-3.21363246933352,0.371839073710022,-5.95320025743131,2.62949220213515e-09,2.86246521124432e-07
NDUFAF8,1.12962667550651,-3.21212772920056,0.713162471773676,-3.10185661298031,0.00192311083753953,0.0437970388649693
CHCHD6,1.76341876974035,-3.20912542571575,0.480494900279746,-4.59760431261516,4.27376669429951e-06,0.000234182336749049
RPS3A,211.908744187447,-3.20278802439639,0.219789511251194,-10.0222618079298,1.21685772404783e-23,1.41929069828407e-20
NDUFAB1,4.10601557023973,-3.19954187634078,0.415409010590245,-5.29488244180237,1.1909299941286e-07,9.44014362821648e-06
TST,4.03134838712896,-3.19561796432579,0.51327673073903,-4.27764952672699,1.88877083308293e-05,0.000878682020894906
LAMTOR4,5.27261907841501,-3.18745989384539,0.43061220433796,-5.07988364428378,3.77666110778138e-07,2.63543159098129e-05
COMMD6,12.4834764848557,-3.18723336719636,0.316461991317194,-6.91151995249903,4.79488077047174e-12,8.6039129781355e-10
SELENOH,10.8976720424936,-3.18343288461651,0.360204619984439,-6.06164597419887,1.34735525982967e-09,1.58295503525939e-07
PHPT1,2.91916106413896,-3.17949146046277,0.484497860868381,-4.49845424819089,6.84493228059985e-06,0.000351480815125519
DDT,1.78588814361502,-3.16897851789085,0.484022513578279,-4.48115213041649,7.42411657836561e-06,0.000375320122625796
MRPL55,2.16673205936395,-3.16169460161839,0.50077552190733,-4.3166938219844,1.58383610089124e-05,0.000751815688705029
ZMYND10,37.9247500801056,-3.15449490991784,0.309191089940241,-6.96816622475847,3.2109871215743e-12,6.16849514213961e-10
ITPA,2.98549218220368,-3.1528697258918,0.467249985414291,-4.6075329975301,4.0747455586853e-06,0.000226314694652286
CDC34,2.93712858522232,-3.14643105518357,0.512118706738587,-4.19127641099669,2.77389466641774e-05,0.00121760553784772
ATP5IF1,12.6428269446027,-3.14164473235687,0.259545115301292,-8.25153164555126,1.56377214259571e-16,6.07972269439175e-14
RPS10,35.2725147883776,-3.14040330193334,0.337569321182332,-6.34063336809341,2.28822489675016e-10,3.13986759151541e-08
GATD3B,3.2561502926115,-3.13656421621541,0.493335004073387,-4.33085874420858,1.48528945384994e-05,0.00070953045847833
C12orf57,7.55261688270783,-3.13267359351178,0.360146763382476,-5.92167918845596,3.18670823090514e-09,3.42340517779277e-07
SMIM22,5.79987007192092,-3.12889202562136,0.408725725913022,-5.20860785277409,1.90262746077901e-07,1.43833350958613e-05
ATP5F1E,23.9563797012535,-3.1114088887977,0.268873586164884,-7.85279401712186,4.06869605869341e-15,1.16557434986675e-12
RPL36,30.3174172770464,-3.10560170380592,0.336820634193083,-6.25140353663393,4.06780317617873e-10,5.18930922373613e-08
SDF2L1,0.993956055828311,-3.10076275552338,0.590364794170869,-3.55841468913093,0.000373099932356287,0.0113030589896954
SSR4,7.05144145102144,-3.09243057659177,0.38971789434741,-5.36909032646702,7.9134779996704e-08,6.59281542125602e-06
HSD17B8,2.09342077595633,-3.07869743225697,0.493538811025139,-4.21182161528344,2.53319559950905e-05,0.00113638876220833
RPS7,39.0854880054946,-3.0772795695833,0.254534081481016,-8.16110580357873,3.31971212843891e-16,1.17842563794085e-13
TUBB2A,16.4510805594498,-3.06492442610856,0.332845984153301,-6.20384359258935,5.51005493925558e-10,6.81618841690185e-08
JUN,47.8724471761522,-3.06380746015881,0.349111073266234,-5.91160698757023,3.38786101785741e-09,3.59223263380478e-07
SPINT2,19.8646448286337,-3.06276992084518,0.297223876613328,-6.94012185141079,3.91761881818957e-12,7.3529652508296e-10
ILVBL,1.98732135616673,-3.06087704418932,0.490722914127999,-4.1996755905549,2.67297674724613e-05,0.00117964965691303
CES1,34.9250956852522,-3.05984552184039,0.352698299194517,-5.84024795850905,5.21231854227924e-09,5.26124945040105e-07
C16orf91,1.33633965894604,-3.05964174262174,0.623245843583203,-3.30470193075067,0.000950774569848043,0.0244491306315727
CFAP73,8.23023069096369,-3.05181085353736,0.437284933641911,-4.69215995266275,2.70335632046333e-06,0.000156535834598744
IGFBP7,54.0797646037725,-3.04326404041616,0.310198436913596,-6.58695788652637,4.48929548810255e-11,7.11705883740063e-09
RARRES2,0.903550481964415,-3.04033982409188,0.657419703533287,-3.10355745823577,0.00191209102460644,0.0436068915374281
NDUFA2,6.63175984603131,-3.035203891592,0.364863400138804,-5.57798861386962,2.43315577122185e-08,2.20727781046009e-06
PRADC1,1.38066286922153,-3.02868572689994,0.614866071122609,-3.2993944895935,0.000968936437038843,0.0247990016934283
MTLN,1.75158514326437,-3.021552406053,0.625408853511368,-3.23236934479415,0.00122768263233463,0.0302306504629667
NHP2,5.73768177263106,-3.02136693407616,0.380925859830874,-5.30645762661957,1.11776129450128e-07,8.90337764776169e-06
RPL17-C18orf32,39.1560000101978,-3.00992440221351,0.299449155626194,-6.71207236504124,1.91879486705588e-11,3.19714299838321e-09
EEF2,226.902531597425,-3.00891388736886,0.247853891494929,-8.10523439939601,5.2643925228869e-16,1.75433194910653e-13
RPL34,54.4721498569053,-3.00330354788033,0.238538571029832,-8.39823739712847,4.53230197520066e-17,1.89763997315517e-14
RPS29,37.9231576548659,-2.9942944776787,0.287571639905302,-6.93494837785614,4.06369523949844e-12,7.54046358701933e-10
CLDN3,8.41066397972866,-2.99423914170132,0.409714046578926,-4.8673926567884,1.13080215777311e-06,7.29836697006998e-05
LAMTOR2,1.91375902425374,-2.99267825019155,0.557008625278398,-3.57746390227906,0.000346944114112019,0.0106489669912315
SMDT1,9.56680379932099,-2.9806365812879,0.312312968473527,-6.34183265257455,2.27047873958527e-10,3.13986759151541e-08
NDUFC1,5.86886637027412,-2.9746915890102,0.359983818671046,-5.48550097696109,4.12299278101367e-08,3.60023257332471e-06
TMED1,2.07535439213657,-2.97224014909287,0.601138422464065,-3.28084194154262,0.00103497725655576,0.0262862070858504
FAM166A,4.73240341487907,-2.97130194173197,0.424076494945884,-4.64845839188404,3.3442506245909e-06,0.00018895594619012
ACTR1B,6.64339608765508,-2.9709636782618,0.431025632903516,-4.57272961931476,4.81411193715045e-06,0.000256057439158729
ADIRF,4.30547846387539,-2.96751597234502,0.468090294421532,-4.20328299004039,2.63071357066829e-05,0.00116414422480874
CAPS,70.7719435182587,-2.95928199874129,0.280620813926613,-6.98195537004492,2.91099614489071e-12,5.65876857737147e-10
GUK1,22.8234674098833,-2.95394703152042,0.300305120301589,-6.50653918107731,7.69018519644153e-11,1.16271327845087e-08
NUDT16L1,2.33499843106634,-2.93632039025793,0.543831508070759,-3.5605152726936,0.000370127781782227,0.0112338597559888
SCGB2A1,1.91449464031359,-2.92629967977498,0.529793100880711,-3.63594708306462,0.000276961187023695,0.00868042077333956
MPG,2.34302545037361,-2.91592817830247,0.517929451391038,-3.69920685753,0.000216274279106801,0.00696556746259358
FAM183A,12.5018139550133,-2.9139724011233,0.311118062413421,-6.15191669129121,7.65520892166982e-10,9.39863958510875e-08
AC011295.1,45.7830480613291,-2.91073479732042,0.35438586682254,-5.39167889073079,6.98024210922922e-08,5.93647778133354e-06
CCDC96,8.28411614312551,-2.90797412185835,0.32957519270795,-5.78919216031251,7.07257489909674e-09,6.95711298357534e-07
PRDX4,1.96545950309188,-2.90608234447498,0.569124735615576,-3.34914690083418,0.000810608047349876,0.0213146840663062
CD164L2,3.01829824631019,-2.90536831952203,0.478276092864166,-3.98382513353677,6.78147815519722e-05,0.0025933198312931
GDF15,8.90222346873171,-2.90451186042245,0.445739074319366,-4.27270564809827,1.9311531057025e-05,0.00089584656429023
RPLP0,220.38055236137,-2.90444393212965,0.23451159631919,-8.12089449741984,4.62760185182449e-16,1.57425230496754e-13
FAM187A,3.97878733442042,-2.89356606658314,0.441155279741459,-4.29228925400797,1.76840367982374e-05,0.000829777692179363
RIPK4,14.3986563570314,-2.88797801551801,0.303086207825099,-6.2291782561333,4.68888044523503e-10,5.88959452232637e-08
RPL32,112.379519122777,-2.88307595426531,0.242317180435129,-7.77112027667158,7.77949835003176e-15,2.11719047596114e-12
NDUFV1,8.25128591688492,-2.88145033973275,0.363220141842171,-5.17991741920053,2.21984149766051e-07,1.6254615163811e-05
RPS27,115.157012221199,-2.88118928233067,0.260636500334577,-7.21767396322391,5.28843211513739e-13,1.15139744010771e-10
CCNQ,2.5791311979151,-2.87923935993777,0.584341475267641,-3.21599516631442,0.00129993021615472,0.0316889483088201
RPL26,98.3859236919055,-2.87487179276523,0.234063576523671,-8.01009631917513,1.14618639415301e-15,3.53133540191028e-13
STUB1,6.70176516759456,-2.87473537388006,0.384531400051224,-4.8753765586642,1.08601090697357e-06,7.06512832668185e-05
RPL26L1,3.03678390839137,-2.87211758748534,0.535222749034213,-3.49782887753463,0.000469061991321789,0.0137018126230653
NDUFB6,3.68152713701478,-2.86955968456576,0.452222372774777,-4.13416008830875,3.56255091332256e-05,0.00150983745515904
GTPBP6,3.93241535657689,-2.86784497421943,0.439352596756957,-4.25135753835703,2.12478648628162e-05,0.000974596588047543
MACROD1,1.46190689890129,-2.86094410345054,0.601719796596013,-3.09270878900459,0.00198338658698027,0.0446713373500702
POLR2L,3.36919577776044,-2.85922837970688,0.471385552593896,-3.94417768952843,8.00742702127236e-05,0.00293168779888691
RPL3,217.252291531352,-2.8545453059155,0.219307460706044,-8.45637125132423,2.75826495312641e-17,1.25110301165559e-14
TFF3,13.7225665936696,-2.85312280429653,0.46744289202305,-3.96438332023058,7.35859280897968e-05,0.00274334388077236
ALDH3A1,114.139007020125,-2.84736813393359,0.261502286086358,-7.06444353348222,1.61260900299139e-12,3.30331778065312e-10
UQCRQ,12.4944342606824,-2.84527512437509,0.283371913499641,-6.51184904525631,7.42312995735409e-11,1.14351216107203e-08
CLDN4,31.2250025003073,-2.84527200497644,0.311789715520445,-5.91832223168837,3.25242282983067e-09,3.47116420838595e-07
AK1,6.0179934231924,-2.84096478253862,0.402505400011149,-4.57376418425102,4.7903898284936e-06,0.000255628351338144
AURKAIP1,4.51186056786778,-2.83737322907193,0.447836736453782,-4.10277469334309,4.082247394556e-05,0.00168330852792184
RPS17,94.8329540426178,-2.83650158315321,0.238225208191271,-7.70909844972696,1.26709641773491e-14,3.33716409761184e-12
YIPF2,2.40518533141042,-2.83285411897837,0.461602636942085,-3.97063182117031,7.16822814497735e-05,0.00268463296741594
C20orf85,45.6707512065941,-2.82927626575764,0.280841997944137,-6.51354241583735,7.33988664874472e-11,1.14145722940336e-08
DNPH1,4.08537316469253,-2.82727822917064,0.460136230513007,-3.97116790202199,7.15211490734843e-05,0.00268463296741594
RPL7,126.35900256413,-2.81881169240526,0.24291308087976,-7.48749999719266,7.01978658435654e-14,1.68567786964644e-11
NDUFB10,8.24642376728728,-2.81280861614667,0.303504351365502,-5.97292463185661,2.33037576921893e-09,2.5711287794308e-07
RPL9,47.0680739684666,-2.80467768991505,0.282635953395393,-6.3851667427123,1.7121081060773e-10,2.45236958457335e-08
TPM2,2.45941657887333,-2.80247372507981,0.483515086874316,-3.72785415390428,0.000193117075794919,0.00633214604549243
TSPO,6.20977947043864,-2.79489822038986,0.413827803719344,-4.33730697709995,1.44239107978892e-05,0.000692729527702157
COX5B,8.27828590942375,-2.79243975119547,0.311789359964488,-5.74888043453318,8.98363163086194e-09,8.57858016961079e-07
PCED1A,2.24184379377015,-2.78760766701323,0.5214851160565,-3.4279169471436,0.000608231505355846,0.0168265930042401
RPL18,56.5085848580194,-2.78318439375985,0.294197950241578,-6.06117205199969,1.35133184359085e-09,1.58295503525939e-07
DEGS2,8.25556098913759,-2.77920591367862,0.432235294401763,-4.11629021674672,3.85019447564825e-05,0.00160792392820614
SURF2,2.56787918524731,-2.77669792987168,0.445803152536151,-3.98538664377794,6.73703339669327e-05,0.00258237132240856
MT1E,2.64918251161669,-2.77204024022097,0.452967818463771,-3.91206652655988,9.15096937494927e-05,0.00329859114621516
KRT17,31.9496459968695,-2.77105621154432,0.339139589919852,-5.22220426097368,1.76805785426928e-07,1.34909423842818e-05
FBXL15,3.01020426841144,-2.7700866328297,0.562177036366601,-3.14862848947001,0.00164038591355664,0.0386669730283644
CATSPERD,3.22742296734743,-2.75768476169382,0.441599229013296,-3.98027135514065,6.88366461630801e-05,0.00260796657818314
CHCHD2,12.3449119712778,-2.75167900775443,0.325744597819891,-5.37746142062794,7.55433933584946e-08,6.32588753923517e-06
POLR2I,5.00645572429126,-2.7477977137287,0.421685581811446,-4.14478888801615,3.40126916696296e-05,0.00146156116387732
DYNLRB2,5.75621590417234,-2.74271277710363,0.413231804868119,-4.21727649366149,2.47270709421367e-05,0.00111538215860263
FAM50B,2.00145218648768,-2.7381563421747,0.546077667145951,-3.18298375258431,0.00145765793460904,0.0347983865705131
RUVBL2,22.9223126623487,-2.7365733466457,0.30575759802668,-5.67957544752224,1.3502947926927e-08,1.25278202669768e-06
RPL21,135.039522764916,-2.73367445922967,0.209954595675062,-8.25737799954048,1.48907276543264e-16,5.93050467969504e-14
TMEM205,3.55518991199393,-2.73069859018026,0.409875829435599,-4.22249487744481,2.41612891882184e-05,0.00109591580876227
SLC25A6,42.3160555349642,-2.72860616730117,0.289042395164287,-5.98045890921525,2.22509852746488e-09,2.47167577244721e-07
H1-4,12.9652660539239,-2.72829278505461,0.369437608223229,-4.67817229915127,2.89443288878641e-06,0.000165255925318158
C1orf122,5.05772446946128,-2.7199284123948,0.504690550509719,-3.40788709171935,0.000654679779379703,0.0177284678565359
CLDN7,14.5522078300998,-2.71970601296179,0.350655356351532,-4.90426278056845,9.37788765585889e-07,6.14986054347469e-05
TUBB4B,136.720968711532,-2.71746755532033,0.25554884812567,-6.72070161112893,1.80851608092516e-11,3.10855358793968e-09
ANKRD65,6.77147939446202,-2.71498774104855,0.357582860557774,-4.79605688699239,1.61819343180819e-06,9.89643466217077e-05
UBTD1,4.52161457736831,-2.7143853574651,0.425919377840254,-4.02514054692318,5.69412967940283e-05,0.00225131824539876
LRRC45,4.60481835193887,-2.71426829392813,0.43413667988741,-3.94868338324397,7.85822051144729e-05,0.00288914955271693
C9orf116,12.7887249085228,-2.71076559611542,0.297742714925902,-5.74578490204595,9.14955579016865e-09,8.68622654056186e-07
AKR7A2,5.02456938719406,-2.70936435425435,0.372623722878616,-4.58737393596162,4.48856297269819e-06,0.000241893547132636
ECI1,5.54691153576241,-2.70510968234108,0.426293241236677,-3.99985155146856,6.33822292662329e-05,0.00245182674403235
SIVA1,6.53677477510171,-2.70446758809244,0.41517473845512,-4.10542219990267,4.03577097926569e-05,0.00166835707140328
ARL6IP4,14.2758475934703,-2.69975556473689,0.29082133575498,-5.84467284810546,5.0756477494755e-09,5.18001575632409e-07
RPS14,131.152069261243,-2.69925035099634,0.245330067885801,-6.92638438345571,4.31732408696168e-12,7.92107696808958e-10
SAP30,2.45323874031453,-2.69917792403916,0.399980526088656,-4.24815163041848,2.15541494937201e-05,0.000985875930204356
VPS51,12.3331052773242,-2.6974250287523,0.343325927734116,-4.94406303641259,7.65109457784998e-07,5.07864729112652e-05
PKIG,10.7777282956933,-2.69724735750897,0.316757320639818,-5.35819457646851,8.40576869056971e-08,6.9322119670865e-06
CD99,3.7546130657563,-2.69400081500648,0.429926053212513,-3.94021437488725,8.14088271716903e-05,0.00296724272072886
PWWP2B,2.89452935630535,-2.69324717628113,0.43505670129467,-3.89201492872596,9.94151260538428e-05,0.00354915261816268
TRAPPC2L,5.08559582380211,-2.69160689731352,0.420728643545223,-4.02066016484967,5.80352755842685e-05,0.00228351328919403
POLR2J,3.96183748356768,-2.69137956026766,0.433849627820176,-3.89853869131059,9.67749393407555e-05,0.00346543417652455
WFS1,3.56582772578335,-2.6895189827129,0.473694581890954,-3.56668420391988,0.000361526712491605,0.0110137494184243
RPL37,95.8106417864755,-2.68789220365296,0.225350460339582,-7.49007657277231,6.88334433825382e-14,1.67758402536338e-11
RPS9,45.2304117865167,-2.68607833039575,0.297435497628833,-5.66871924782762,1.4386888582473e-08,1.32725143312543e-06
CD9,18.1426168022978,-2.6852465163093,0.399740256492837,-4.21585389246253,2.48834834240693e-05,0.00111934545683644
EEF1D,36.9258974315977,-2.68260043935454,0.29053467935878,-5.79139276270943,6.98051229800099e-09,6.90816880691262e-07
HSPBP1,9.50104897146359,-2.68046128930719,0.356466225892658,-4.7142230237914,2.42634796841813e-06,0.000142006580560214
GPX1,19.6639934683484,-2.68021283251712,0.458481224645101,-3.66473639965896,0.000247593456802666,0.0078810010840755
MRPL28,3.00937027092035,-2.67149126624752,0.486761745356675,-3.4339002236561,0.000594963155859524,0.0165223696803234
RWDD3,1.21807036821885,-2.67058246395804,0.538852347670707,-3.1002601569418,0.00193350734038282,0.0439113231726163
TSPAN15,6.64204443451565,-2.66998249450035,0.356928138488083,-4.67876391470355,2.88609517263429e-06,0.000165255925318158
CCDC78,31.9460721326718,-2.66755452619551,0.347160812316626,-4.80340656846554,1.55988693926857e-06,9.66087310356887e-05
IFT43,8.32987767827603,-2.66729756355106,0.362172642021346,-4.60359886446861,4.15251931172997e-06,0.000229852501156742
RPS12,115.557665738643,-2.66655363290083,0.231953206231749,-7.18487000018331,6.72711643552379e-13,1.44535637204826e-10
BAD,5.4972023194819,-2.65832951914927,0.413829144405009,-4.0072806412259,6.14218634741313e-05,0.00239942011643323
DPCD,5.42324274874387,-2.65564915340666,0.341371956814928,-4.84998583027795,1.23470294437492e-06,7.93758440106224e-05
DGCR6,6.94269206214184,-2.65262682112777,0.415818785371743,-3.97439192087081,7.05592936360912e-05,0.0026608838470756
CBR1,18.8552640577346,-2.65102749063921,0.28636214179608,-5.765522915438,8.14050397301024e-09,7.86546090978013e-07
ARF5,9.81898713895509,-2.64760149737039,0.356413287876289,-4.6227274723334,3.78727145315579e-06,0.000211788888899249
IFI27L2,1.63635635179188,-2.64733141209481,0.502111122272959,-3.28081044020229,0.00103509285052372,0.0262862070858504
H2AJ,8.96718445899912,-2.64600593119585,0.408268412831712,-4.03167592559833,5.53805181014803e-05,0.00219492349533755
S100A2,5.97016011848387,-2.62935734679199,0.357724696371302,-4.55478015166386,5.2440393950017e-06,0.000275337361032099
RPL8,136.55842171214,-2.62694957596998,0.259136665501744,-6.27834572471577,3.42194339747332e-10,4.58007489650343e-08
RIIAD1,2.0513167447155,-2.62104469911457,0.528545282327594,-3.06699303411782,0.00216223895995517,0.0479066485442441
PTPRN2,10.3425238813548,-2.61662957434561,0.329338916347788,-4.90871103929432,9.16769402768188e-07,6.03626112008135e-05
PSMG3,3.90186062311335,-2.6163040368553,0.419756834150355,-3.85057229652239,0.000117842136875177,0.00411163301930505
EEF1G,182.509880675067,-2.6121082485532,0.237395397959673,-6.79081508069944,1.11501771539291e-11,1.93692811432455e-09
MCRIP1,2.29010387088987,-2.60702495352827,0.524280041977833,-3.06520337387975,0.00217522028435421,0.0481289593810568
C11orf88,20.6516762896443,-2.6068379992831,0.278212897975503,-5.77556975602398,7.66931179466299e-09,7.45429716041976e-07
ZNF511,3.32340272573276,-2.60545991701534,0.468736105138236,-3.42508268387363,0.000614612340968138,0.0169465794747887
RPL27,54.2803038311243,-2.6047481187591,0.23079801204516,-6.95304133921702,3.5749387356835e-12,6.78781100174137e-10
WFDC6,2.84536124055291,-2.60458247668019,0.49103711809728,-3.26774171960317,0.00108409248372337,0.0273181268004923
SCGB1A1,26.9818201496599,-2.60347585803597,0.38758091456326,-4.13713833108327,3.51664121786964e-05,0.00150426716317917
RPS13,25.4699487361203,-2.59569532636559,0.254862829824509,-6.26099666029896,3.82524719323016e-10,4.95733820779803e-08
ARL3,17.1230590710281,-2.59242844489346,0.2672049885476,-5.95957603018248,2.52893182426088e-09,2.77147166163463e-07
NBL1,4.73814317626392,-2.591324271539,0.412853491841952,-3.8544527368275,0.000115988786725452,0.00406433669193112
GADD45A,4.88872129231407,-2.58188178706424,0.474451940667467,-3.33412438958269,0.000855683821985064,0.022320225445997
SPEF1,4.97871779554789,-2.5809408019589,0.435720391740546,-3.62833787889432,0.000285251787736644,0.00890607350277565
METRN,6.58423522331816,-2.58080131385728,0.457613028217836,-3.45444997493554,0.000551416503839462,0.0155510882404051
TCEAL3,3.10117604968674,-2.57852705211464,0.41298710873273,-3.82221870546619,0.00013225630822544,0.00456577855605329
CCDC74B,8.10372750019583,-2.57846568596188,0.356253092048553,-4.43074241653669,9.39092107303e-06,0.000463275982481894
RHOB,33.6069446922499,-2.57590085093008,0.27284978039348,-5.77570870189981,7.66298496381651e-09,7.45429716041976e-07
CENPX,1.78051440360627,-2.57424470548372,0.488883108462884,-3.22008406147097,0.00128153012228501,0.0313265050401077
RPL27A,92.8079980660463,-2.56836055649854,0.247478265518865,-6.33736685203568,2.33725035851365e-10,3.16682009356006e-08
CYP27A1,3.79559042095301,-2.56672236261979,0.482148903784895,-3.24945748153929,0.00115625361877919,0.0287656653919063
MRPL12,2.48485814634062,-2.56473411305402,0.46319216358947,-3.37815325053913,0.000729744000320992,0.0194388087785342
INHBB,3.38133023353906,-2.56172489772324,0.458365930720709,-3.40715745445494,0.000656432470473245,0.0177464996860225
PSMA7,14.9552099023228,-2.55834087154905,0.323036688267415,-4.82403679875218,1.40681444623524e-06,8.83533580483665e-05
SEC14L3,31.5367577035206,-2.55690481484497,0.344173337814469,-4.5236066940323,6.0794650719922e-06,0.000314150585951141
KRT5,43.4696701742047,-2.55663863728348,0.291877213450425,-5.33319685658804,9.64985983834711e-08,7.76219513794926e-06
FAM174A,9.46006229635385,-2.55505058602741,0.347613665078868,-4.4735024604818,7.69486722932789e-06,0.000387807058603997
KRT19,118.148380299458,-2.55481434737102,0.254291928743201,-6.1142890183556,9.69883904749641e-10,1.16450252063654e-07
DPY30,14.1619116616254,-2.54803714515554,0.281924207081818,-5.49096922601713,3.99734006570947e-08,3.50927773833172e-06
S100A13,8.49495606983314,-2.5433909244821,0.318637449251661,-4.84372106325495,1.27429795910148e-06,8.1281294430344e-05
TEF,7.5346287870755,-2.53699199236982,0.34706010324467,-4.42860466530281,9.48446895042352e-06,0.000466481606902005
RPL39,31.6602673833803,-2.53551206349299,0.262929577486474,-5.84001266868495,5.21968528976036e-09,5.26124945040105e-07
MCEE,2.38357348400018,-2.53445219888974,0.502261548003782,-3.05508595071304,0.00224996032200052,0.0495142885417069
WFDC21P,9.17149957961195,-2.53341673517453,0.334074981802151,-4.59003762240019,4.43166123881206e-06,0.000239617868770073
SURF1,3.90927053354459,-2.53198270695859,0.430040958792497,-3.562411150929,0.000367464290560551,0.011173788455425
UBXN1,8.2229783554692,-2.5307616905031,0.355613417926409,-4.30456673831098,1.67312850375033e-05,0.000789610269876855
MED30,2.3103059098369,-2.52750388853526,0.411369387846883,-3.71321720493168,0.000204641109876591,0.00666982970693585
TM7SF2,2.68005467743253,-2.52502604062041,0.467153095269932,-3.2645101917589,0.00109653517986985,0.0275466506955304
NENF,4.35147846466757,-2.52499983382535,0.445542348455667,-3.42279435189783,0.000619809498960231,0.0170098643840699
PRR18,4.71042880405101,-2.51656702759761,0.420924576237588,-3.60294245860711,0.000314635198489492,0.00971205700592611
MALSU1,4.22055899058126,-2.51162152503958,0.418637216654106,-3.61081496079346,0.000305236381046898,0.00947567465040835
AAMP,6.7911156378055,-2.50899737549112,0.377309767512245,-3.99935942671336,6.35141596378028e-05,0.00245182674403235
NDUFA4,17.7858314908309,-2.50812506422856,0.25769827267285,-5.85229015540644,4.84849793933508e-09,5.01083056021535e-07
CD59,48.8829482380694,-2.50584950791765,0.291848090642097,-5.15970313393048,2.47341726636823e-07,1.79504135744564e-05
RPS15A,137.95376406556,-2.50343494293029,0.226837182132186,-6.62781528494824,3.40691409048216e-11,5.45406864543953e-09
MZT1,2.91045483985171,-2.5000032950298,0.432673190169121,-3.4668274557143,0.000526639831335851,0.0150078565547698
AGPAT2,3.66030312702612,-2.4989984352244,0.411573052767978,-3.64211997151683,0.000270401993019323,0.00852647528183949
CAVIN1,3.27631754276196,-2.49139153709919,0.456341237784489,-3.26814982651976,0.00108253042738756,0.0273181268004923
GPX4,40.0265676671398,-2.48963057695062,0.248938900526945,-5.98392044713552,2.17829735969781e-09,2.43626147852778e-07
KLF15,10.0165223382984,-2.48222384883038,0.375416019445662,-3.94821683693473,7.87354737558353e-05,0.00288914955271693
TXNL4A,11.498329690577,-2.47720341704179,0.298503949734071,-4.94868968520448,7.47147548102681e-07,4.97966216855864e-05
GPR162,6.43071110407022,-2.47491332188755,0.418559709367157,-3.52378236337547,0.000425433533456715,0.0125849713185049
H1-10,4.39072127649567,-2.47488597991424,0.40891607962521,-3.60681825294333,0.00030997461395785,0.00960450753570729
CCDC34,3.74310087134204,-2.47321831801957,0.368077410344477,-4.00246871070086,6.26849599297078e-05,0.00244291816394319
C12orf75,22.9808103897386,-2.46720721640247,0.309450845164886,-4.74132560736972,2.12324376129873e-06,0.000126470590251798
ID1,4.59245161404185,-2.45752329714977,0.390553354523265,-3.73194412560845,0.000190007652785794,0.00629337720555626
ZNF428,3.53762812592326,-2.45698975252251,0.422339211052752,-3.44980933428064,0.000560982613179281,0.0157505997769093
ANKRD35,6.92396067941939,-2.451527859028,0.331757011137127,-4.37527410212902,1.21279982322269e-05,0.000587650098320571
DVL1,6.50904951911925,-2.44915677937935,0.364837895966873,-3.9720566185672,7.1254777886097e-05,0.00268091997258543
LAMB2,5.85408170174619,-2.44822238552482,0.416816363938135,-3.47448543488511,0.000511834150188044,0.0146627014709133
TUFM,22.5582655456506,-2.44707641936378,0.276026179577215,-5.24253323210228,1.58386853735384e-07,1.22573409224886e-05
YIF1A,3.04299248800681,-2.44684166868968,0.402905231848631,-3.59102229090252,0.000329383460310296,0.0101481179686921
TXNDC17,5.04975415251811,-2.43925040311621,0.419890420388709,-3.42768096920107,0.000608760405388204,0.0168265930042401
RPL31,98.9139334180803,-2.43838862100197,0.237558974183988,-6.05486964212915,1.40531420510375e-09,1.61601237008023e-07
PRR29,11.282709314609,-2.43785168793747,0.343006286218496,-4.19191060254083,2.76615001800908e-05,0.00121747880442238
MORN5,6.97132367334677,-2.43543840098017,0.36059952715488,-3.98069962072813,6.87127337196816e-05,0.00260796657818314
LRRC10B,12.4502690640736,-2.43314713034865,0.346695148414989,-4.13373863724563,3.56909337798633e-05,0.00150983745515904
STEAP3,13.6341826316178,-2.43253531935152,0.357120046839943,-4.01135509481371,6.03712270286745e-05,0.00236403301235306
LMNA,17.1339840553616,-2.42910336710034,0.321952333698643,-4.43886630881832,9.04339661160762e-06,0.000447483706881639
PRXL2B,4.05323583039954,-2.42616359381051,0.417696859748699,-3.41435076784762,0.000639342069709794,0.0174717982330322
RPS3,71.2491871524453,-2.42509753581711,0.245468627679259,-5.80561984352319,6.41283156442518e-09,6.385068696067e-07
COMT,10.2325495910286,-2.42450514153416,0.338649296945483,-4.2064317108666,2.59434428501147e-05,0.00115746032322274
ELOB,13.8168601200117,-2.42338774427395,0.332072260371977,-4.28637954486023,1.81608602711897e-05,0.000849709705926236
PLTP,11.4436541570776,-2.41874265826968,0.347214790967671,-4.08606630586131,4.38748444780307e-05,0.00178661430294704
NOP53,24.4120230789259,-2.4169826758017,0.278716924275009,-5.08394916988811,3.69666905849588e-07,2.5906827921107e-05
PPOX,9.51275737617531,-2.41645895372334,0.378951831538657,-3.7378337715696,0.000185612594465962,0.00617284736259613
JTB,18.2468351536639,-2.41292442697786,0.271988056997285,-5.19480319311213,2.04936524508177e-07,1.52804041492878e-05
BORCS7,13.4950251551437,-2.41257048553833,0.278304896315033,-5.0756221117265,3.86230216063407e-07,2.67235305004211e-05
LRRC75A,8.3168499776156,-2.41029877618678,0.371565327184315,-3.79556076147869,0.000147310109495409,0.00500088727224644
RGL2,16.0073045863706,-2.41019543323207,0.331416568392932,-4.25505411533959,2.08998461383113e-05,0.000961334049556296
RPL7A,164.495727024178,-2.40870021021073,0.221135094334573,-6.37031500789011,1.88640350132227e-10,2.67852893679055e-08
RFXANK,4.90749282992827,-2.40827425913163,0.430706311098022,-3.26968568336378,0.00107667047391397,0.0272150962361318
FGFR3,4.2581531447799,-2.40804834210251,0.416556454985659,-3.38021011377915,0.000724304357146792,0.0193254343919117
FAM92B,15.0048482842114,-2.40646951681195,0.31810807566504,-4.42135747063816,9.80827528094241e-06,0.000480958940127654
UBL5,8.5836567464467,-2.40500518055494,0.324425826510461,-4.33074393511528,1.48606416069318e-05,0.00070953045847833
COX4I1,36.1693684227681,-2.40497207770782,0.265756688425594,-5.28668567489765,1.24552386828675e-07,9.82519770302145e-06
SSNA1,5.09013554482334,-2.40069799088715,0.401128094928093,-3.49189699898294,0.00047960315391093,0.0139597859183807
MAGED2,35.2005840187441,-2.4005551938019,0.266869973197323,-5.24808084259943,1.53691856425022e-07,1.20078197299722e-05
RPL24,35.9345064719763,-2.39933896012572,0.24045857980023,-5.81945947317941,5.90382359716667e-09,5.9143273324009e-07
VWA7,10.5725884181508,-2.39764458458583,0.377055943567473,-3.70673001826246,0.00020995255079485,0.0068022127022403
HRAS,3.80209182323122,-2.39615713222566,0.404392404300028,-3.45248109850702,0.000555456390445227,0.0156380127578967
RPL19,193.793568743156,-2.3947016252856,0.242516009649732,-5.75096723428686,8.87343129712731e-09,8.52319174416423e-07
ITGB4,23.1000778290079,-2.39424853629691,0.305822599778877,-4.55901080333832,5.13951277346743e-06,0.000271595806077507
DMAC1,6.92546085813017,-2.39072419912437,0.349229824526578,-3.98226068180076,6.82628476461715e-05,0.00260435523180919
GAS2L2,9.62718982873575,-2.39035596634295,0.351228666765244,-3.95854922420738,7.54064014979623e-05,0.0027920887302953
TPPP3,66.2243741075094,-2.3900606496338,0.26744824771363,-5.19749395076318,2.01993111289732e-07,1.51300252947249e-05
CITED2,24.1250181114286,-2.38884820162907,0.266974372356235,-5.202177981997,1.96966454625888e-07,1.48214987907194e-05
COX7B,9.87561194239651,-2.38041238506367,0.372922930701818,-3.70160231891834,0.000214242227834832,0.00691375758560271
C9orf135,10.0920699857952,-2.37787499894599,0.347742996036282,-3.96233717041487,7.42196241521569e-05,0.00276066570109469
LGALS3,68.143729325078,-2.37621482694182,0.221426463414359,-6.21522290389693,5.12518419950127e-10,6.38848341936307e-08
PTRHD1,5.13778708610353,-2.37605009712761,0.374073780850014,-3.67855264809201,0.000234561275795569,0.00751010014208991
ASL,5.92015769080593,-2.37372121489931,0.396163069172931,-3.467565055388,0.000525196599124031,0.0149928938235949
GSTA2,56.0614918826207,-2.36958375592114,0.302696697093906,-4.52460753311837,6.05076825631736e-06,0.000313660301134623
SPAG7,8.87753879610681,-2.3675814129317,0.314313664971932,-4.35100845219001,1.35512827811751e-05,0.000652740107769344
PRR7,5.96113273619887,-2.36705128804786,0.441834590347944,-3.0940340976276,0.00197454791651361,0.0445336918905398
MRPL2,2.24907986957292,-2.3630383566117,0.439532662592063,-3.10110822839292,0.00192797808826875,0.0438467328737332
APBB1,7.53456625970663,-2.35983808397853,0.361857621393418,-3.75793683366999,0.000171320112978197,0.00573255353446922
THAP11,6.1407116899591,-2.359445917723,0.425010177821781,-3.19861967703997,0.00138087205415168,0.03331832950916
HIRIP3,4.54308160343523,-2.35877373230409,0.385734300579326,-3.52256392616206,0.00042739395435317,0.0126201010499691
ST6GALNAC2,14.0735330324274,-2.35600389424266,0.32996590421238,-4.10952730852423,3.96469829811177e-05,0.00164731701042919
ST6GALNAC6,10.6271530083019,-2.35346989033046,0.307372777962824,-4.40334989747908,1.06592042113883e-05,0.000521120196310658
PDLIM4,7.96194469566648,-2.35334068081576,0.361033014541751,-3.7485233380485,0.000177878787778805,0.00593668603005966
SF3B5,4.35994434688135,-2.35041652005223,0.395880557732546,-3.41117161142467,0.000646843658427187,0.0176038501640959
FUZ,4.71483544495806,-2.3489765019938,0.402043869058046,-3.35529678677687,0.000792798797980307,0.0209475915408098
SIL1,3.26036884588812,-2.34836324471217,0.430980758500716,-3.12859267639422,0.00175645610335412,0.0407343718832125
ISOC2,4.05325630637386,-2.34632648808568,0.414359135655233,-3.24917775966666,0.0011573912770214,0.0287656653919063
C19orf53,8.63422493790346,-2.34503734618141,0.321851987632334,-4.17905558413983,2.92722141959586e-05,0.00127803739466794
PSMB10,8.22913485607084,-2.34499341292214,0.402102554575259,-3.34490143775101,0.000823118157087304,0.0215395775433952
S100A4,10.6575207184491,-2.34228091770894,0.335597066525966,-3.99968012713568,6.34281557767549e-05,0.00245182674403235
CCDC33,19.8895986477612,-2.33973777353804,0.328547633383311,-4.0777581008322,4.54720394329453e-05,0.00183790329678357
KLHDC9,2.80412408228705,-2.33872684798117,0.412604280195519,-3.24457818844437,0.00117624720102373,0.0291455850463072
DNALI1,29.4249494479527,-2.3377018995105,0.377371204755577,-3.54479060048295,0.000392925105920607,0.0118159743178224
OCIAD2,5.17479631251854,-2.33492389011151,0.365925969025166,-3.64807092994184,0.000264216702847062,0.00837746512774695
IFT140,16.8378536763912,-2.33413121410182,0.329481580801588,-4.04918299486134,5.13967454464819e-05,0.00204198894500147
FBL,16.9948187525063,-2.33324092850413,0.292326143930276,-4.56079949120845,5.09592238468e-06,0.000270166612400778
KRT15,15.9089608079266,-2.32620432583017,0.34493849770285,-3.84475590478346,0.000120672497018571,0.00420140981623932
CELSR1,44.4653617094678,-2.32454861254653,0.295330493588061,-4.48497070672988,7.29239523877955e-06,0.00036980596849078
RPS2,162.732697062601,-2.32343484667072,0.255115476326373,-5.18759138303953,2.13031396433922e-07,1.5740224761853e-05
YIF1B,6.4591239991899,-2.32262341489381,0.335440918500648,-3.94293999910823,8.04887975949952e-05,0.00294027198194335
CLU,52.6270563839874,-2.31764241879265,0.274140598325514,-4.80644759237043,1.53635732377279e-06,9.57525906102515e-05
EPHX1,32.7079839553891,-2.31742732615535,0.27825803710303,-4.73455264714438,2.19538781464095e-06,0.000129416922834917
LRRC43,5.0932641745095,-2.31645388948962,0.39305565720202,-3.34928111418327,0.000810215452803324,0.0213146840663062
NDUFAF3,8.49028934163139,-2.316192489452,0.34097906717707,-3.86003897643519,0.000113368940736294,0.00399827523387245
SNRPB,7.7521234346298,-2.31591675400803,0.352782101937564,-3.73011200619504,0.000191394667798673,0.00632648487952333
TTC29,19.1700516764129,-2.31570888207296,0.292656171638105,-4.49574965294067,6.93252644317489e-06,0.000354140730206592
CD151,9.20431493968834,-2.31460193837563,0.38194397638537,-3.44187111108995,0.000577705437755698,0.0160704464959332
DHPS,5.12357058880538,-2.30480779090187,0.406926143635973,-3.20649781614701,0.00134361324802668,0.032600090233325
RBP1,3.50489565597909,-2.30074517640014,0.386305971576133,-3.36713711955598,0.000759529129986084,0.0201336869538032
RPL35A,23.4870883421524,-2.29903213811159,0.273569034487354,-4.74846190302886,2.04969487470941e-06,0.000123503570513395
ECSIT,5.74274792584622,-2.29883370393039,0.379252256409573,-3.42472241622662,0.000615427866283893,0.0169465794747887
MRPS34,3.15145088700899,-2.29842208853787,0.420814819669346,-3.08549515807952,0.00203213532775432,0.0456433806972495
BMERB1,7.20618099606855,-2.29696814807033,0.320204328317406,-4.05043915204263,5.11216020077373e-05,0.00203887977369546
C16orf71,9.66703772507789,-2.29547854226051,0.357179884814464,-3.6269638838521,0.000286773387123419,0.00893649358461509
PTPRF,47.5891780688441,-2.29251117289375,0.309443935640586,-4.17688318957713,2.95530691579494e-05,0.00128685884341375
ZDHHC1,8.75708606643025,-2.28083899493012,0.375333789098705,-3.41253314284817,0.000643621000251264,0.0175453878348963
BICD2,19.9579679802611,-2.28081116551079,0.321779924808119,-3.98039488098755,6.88008840695981e-05,0.00260796657818314
CCDC12,5.58436038728542,-2.2793018841293,0.391832594198796,-3.26491951682878,0.00109495183944677,0.0275466506955304
NDUFC2,5.36685249797938,-2.27704107349739,0.322377726429439,-3.96131918802679,7.45368142260929e-05,0.00276616281704062
CCDC89,6.63223597961194,-2.27256854393101,0.404666737490631,-3.14473225998833,0.00166238894314358,0.0390016509376315
GON7,8.15590887645807,-2.27222596050001,0.338523083361901,-3.75816605433648,0.000171163281196637,0.00573255353446922
TAGLN2,60.3122926176777,-2.27086437372035,0.252910009477944,-5.02496669208019,5.03519918054737e-07,3.41160860660407e-05
DNAJB2,8.51269883776945,-2.26956218539129,0.370397169666887,-3.42756988810974,0.000609009520822214,0.0168265930042401
CUEDC2,3.74128090922836,-2.26720648596982,0.40584942195237,-3.12235626670065,0.00179409686114425,0.0413198979486946
COX6A1,9.78582533846552,-2.26327409043495,0.314110253548541,-4.02175375099536,5.77664320375083e-05,0.00227842528681274
EEF1B2,63.2494311549905,-2.2600005328929,0.240131056563428,-5.24713692150055,1.54481090762148e-07,1.20120082431196e-05
CLSTN1,28.4442630025684,-2.25993484895053,0.318574088056923,-3.95491942434879,7.65604500348643e-05,0.00282840630909344
RPS16,74.8179021563485,-2.25775677152992,0.247757633338804,-5.07656113186213,3.84327183532866e-07,2.67050152336518e-05
SNHG32,5.9702280035506,-2.25626510971985,0.378864604480741,-3.31586824121944,0.00091358890862472,0.0236546078443658
RITA1,5.24100691120881,-2.25409989461322,0.367325939276337,-3.41413377199526,0.000639851512239162,0.0174717982330322
SEPTIN5,7.08942679658797,-2.25093284415947,0.367068712872318,-3.40789830430086,0.00065465287916944,0.0177284678565359
POR,20.1125207160217,-2.24322736766519,0.335133673882307,-3.70964622344034,0.000207549060310913,0.00673771094595804
IMPA2,5.34508788348164,-2.24145218952919,0.388185019507976,-3.1980940199669,0.00138339169037735,0.03331832950916
UBAC1,13.5107942716134,-2.24039197174909,0.287676555158537,-4.31175898594003,1.6196092182848e-05,0.000766568084793406
UBXN11,20.5423652568529,-2.23998796669834,0.298634677604981,-4.15219014966015,3.29308457592163e-05,0.0014225602656144
SLC44A4,51.1142042713196,-2.2365183393604,0.283586606161172,-4.36028469785222,1.29893332753522e-05,0.000627523145127887
UCK1,7.36159989059345,-2.23525401304268,0.397802160163991,-3.10519684592324,0.00190152430974528,0.0434873815879982
SSBP4,11.2382151940253,-2.23137518234714,0.316411259529749,-3.89169204717056,9.95475472544864e-05,0.00354915261816268
PIH1D3,7.22991765099178,-2.2296870454315,0.344503787305151,-3.56944419987546,0.000357739403305358,0.010939188607815
NEIL2,4.33340232660909,-2.22931615018958,0.363035428699981,-3.38621537460332,0.000708637440394919,0.0190005595471406
HINT1,41.3507010731579,-2.22376904472175,0.238065594758672,-5.14046998669545,2.74052099339106e-07,1.98008704872047e-05
EPHA2,24.7751168527461,-2.22252284034917,0.346473987381298,-3.52846933644045,0.000417970368291073,0.0124091602614999
SMIM26,6.15895866718082,-2.21967006633566,0.372092573459186,-3.27786726565624,0.00104594566632381,0.0264794523804674
PUF60,14.3874526136552,-2.21307482955589,0.318304223896011,-3.81105476612274,0.00013837510378793,0.00474690560872503
ACSF2,5.86839973364122,-2.21219267882388,0.382642710425487,-3.16794922729864,0.00153518328638645,0.0364360579700644
ARPC1A,14.6262661596924,-2.21200218998345,0.293091741311352,-4.13523146220602,3.54597049887657e-05,0.00150786854885822
GNA11,15.5222908430529,-2.21197895019795,0.295472110765059,-4.10183873889079,4.0987990484132e-05,0.00168587631389268
LSM4,8.80936386030214,-2.21192306205626,0.340772780772394,-3.5563963157777,0.000375976767744894,0.0113481046959452
COASY,7.76594137834643,-2.2106004868173,0.356487139650341,-3.3959162958998,0.000683992732049303,0.0184001932811089
RPS27A,111.125507796365,-2.20078556782683,0.232328480455804,-5.16848199355937,2.36003021109834e-07,1.72039880879575e-05
CYB561,14.2167102037923,-2.20054552589476,0.315334316758305,-3.80721495280498,0.000140540583227776,0.00480786626664564
DDR1,25.0158051178025,-2.19900690166961,0.30333379777615,-3.95276395330808,7.72536366632154e-05,0.00284757253515495
BTBD6,5.13647581696226,-2.19896789047917,0.378440949117117,-3.16817694616902,0.0015339812601663,0.0364360579700644
TBCB,4.28790970546162,-2.19750047313662,0.375599215791078,-3.18824007822931,0.00143141635775052,0.0342721373983991
DDIT4,16.2047929673141,-2.19565005067815,0.323479973310476,-3.69621042824362,0.000218841606429379,0.00703437911690024
GET3,10.4628963775243,-2.1938485603231,0.342563797878595,-3.48504006470119,0.000492063358128854,0.0141996307461035
BSG,22.9793204850911,-2.19206438063626,0.289278422198863,-4.1208202519052,3.775258892536e-05,0.0015806718578518
MRPS31,15.3962317845575,-2.19056907011372,0.27734895104985,-4.29267558289676,1.76532849398278e-05,0.000829777692179363
LRWD1,9.79974857902911,-2.18806774474429,0.35462278590872,-3.35022957337574,0.000807446089708517,0.0213001408705176
MAPK8IP1,15.8387071750498,-2.18327118498864,0.312054806624345,-3.79186976092015,0.00014951732410338,0.00506528710639851
CERS4,7.21174982482434,-2.18169221289901,0.37494041640229,-3.1516800035532,0.00162334070078762,0.0383611147657901
ACO2,19.6725589919164,-2.18114950472486,0.284179073994163,-4.15635637108565,3.23363299581119e-05,0.00140058337370294
VILL,13.2470632160876,-2.18077298336071,0.335321773034979,-3.52131319321618,0.000429415108679197,0.0126396949168006
CCDC151,5.47354768498219,-2.18009591033203,0.385068525749488,-3.06463871082457,0.00217933087797632,0.0481546602252711
DDX49,7.61744355229903,-2.17991086920814,0.382951500007143,-3.08109739532586,0.00206239175893817,0.0461325959338375
C5orf49,29.7906305258568,-2.17796397120002,0.275314046883137,-4.27861921516859,1.88056260160961e-05,0.000877363049190953
PEPD,7.10984087267789,-2.1771685949096,0.376320780102775,-3.12809883788005,0.00175941005471335,0.0407343718832125
PPP4C,13.4618543437054,-2.17147504794517,0.321756128593598,-3.64087873963957,0.000271709092141097,0.00854862767932942
COMMD8,5.14973077272693,-2.17087062431923,0.362274953800543,-3.2319944065575,0.00122929462351705,0.0302306504629667
CSTB,38.1882442675568,-2.16997852136782,0.254596112005293,-4.59542964797316,4.31858485640929e-06,0.000235060573734358
KRT8,185.936287601378,-2.16866582030538,0.223985072124029,-5.21760583963492,1.81250657199759e-07,1.37657766577436e-05
SGSM3,19.3006113674116,-2.16712512677085,0.308640869707727,-3.78149895662257,0.000155886875644296,0.00527013828653356
UNC93B1,17.0797110822885,-2.16229447055222,0.347305943643652,-3.34660115043922,0.000818088265038907,0.0214767898389394
CIAO2B,6.24651501690427,-2.16204822560314,0.359072349411873,-3.23625093245545,0.00121110866734273,0.0299185982285015
CD82,11.0952426667886,-2.16159826024323,0.333316523554966,-3.48497052547616,0.000492191254963229,0.0141996307461035
CYP4B1,64.4959149659602,-2.1490706222761,0.283579471909748,-4.0520232812966,5.07766109416851e-05,0.00203218450996759
TBCA,17.5350723251632,-2.14539355382063,0.253017855811052,-4.52692775436363,5.98473888002508e-06,0.000311225481439266
RPL10,176.261885842364,-2.13958979606497,0.213830520532494,-5.32940664048843,9.85341553775825e-08,7.88707952529679e-06
WDR34,13.0786466477532,-2.13538495445445,0.345682936818828,-3.28446918700387,0.00102174670002879,0.0260689091637033
SLPI,101.093727599679,-2.13455570420644,0.222608200000726,-5.09664830047925,3.45719751136131e-07,2.43525883968943e-05
FAM229B,21.5185161459352,-2.13005996573123,0.272456882298291,-4.14766533404731,3.35882898585047e-05,0.00144713241451061
PYCR2,9.67902113165684,-2.12749753308847,0.323487462065307,-3.48544430714548,0.000491320487237768,0.0141996307461035
RPS25,57.8006726525871,-2.12585033121479,0.231194515919308,-4.86971036807698,1.11761942885783e-06,7.24190779913474e-05
PSENEN,9.21905434325947,-2.12460580847643,0.298683302301991,-3.76521151269237,0.000166408155753861,0.00559110859116212
ITGB5,7.49030319515256,-2.12340004143274,0.358846637163359,-3.1305853952348,0.00174458269185269,0.0405801862895478
ECHS1,10.0228730443191,-2.12245986584479,0.332581696667256,-3.37498989599479,0.000738184010356402,0.0196316070115793
RPL23A,170.605397941468,-2.12174138149886,0.220100514340568,-5.09649595712965,3.45997948930092e-07,2.43525883968943e-05
EIPR1,6.95573244129137,-2.12144739539259,0.365558528404269,-3.06776427919194,0.0021566666530604,0.047848111111173
ROPN1L,18.2755040901933,-2.11885192707336,0.289086372648367,-3.87030324820703,0.000108700055393862,0.00385861566201385
DHCR24,36.3769990165881,-2.11851966344982,0.338837120012797,-3.30105409763717,0.000963223082571058,0.0246914752202556
RPL36A,56.337085937012,-2.1158501356976,0.230632992294884,-4.83820690437426,1.31015717521124e-06,8.2920761682265e-05
LRRC61,8.53865071055123,-2.11572677181438,0.35511088994334,-3.14191088871535,0.00167849112280658,0.0392665924703562
RPL30,166.64595727294,-2.11546393838434,0.207262813005926,-5.38188169024052,7.37112076641164e-08,6.20427994818225e-06
WDR54,13.5257732803721,-2.11447519607191,0.31504524488195,-3.53750838705568,0.000403921357113317,0.0120799117954274
SNRPD2,15.60712695831,-2.11444640316306,0.275164497192513,-4.05010971449329,5.11936252811035e-05,0.00203887977369546
P4HB,32.2140882232672,-2.10933544819269,0.269877813083801,-4.11050999530749,3.94786189744042e-05,0.00164450604396185
KEAP1,14.3053241197113,-2.10749060934277,0.345670870403209,-3.2038875825751,0.00135585406654635,0.0327996163742745
CD81,17.5478468065544,-2.10161081951871,0.319989764752053,-3.44264392447771,0.000576057247099194,0.0160704464959332
PGLS,8.5805362340311,-2.09865599211369,0.354856076905998,-3.09606080778696,0.00196110140245438,0.0442915972346854
S100P,22.7599306382674,-2.09744622714241,0.312672705603954,-3.50988815932175,0.00044829521048554,0.0131186603799613
STOML3,24.2720009531183,-2.09392925546004,0.293862515244713,-3.72258862124377,0.000197190662721172,0.00643985266314803
RPSA,155.422016055988,-2.09376838011923,0.220422208878054,-4.96215143513214,6.97166048643031e-07,4.66558377389019e-05
NDUFB2,13.5320192221143,-2.0906023457061,0.305528001199698,-3.56956593642383,0.000357573211929987,0.010939188607815
RSPH9,10.234413997578,-2.09003570174833,0.314678860459431,-3.46396227619763,0.000532281150374156,0.0151421932133442
RPL29,39.2432034973761,-2.08439139738558,0.300949070152371,-3.60323890296969,0.000314276424621173,0.00971205700592611
STATH,73.0658509364496,-2.08355174694663,0.335426515622428,-3.23036998114462,0.00123630120514976,0.0303572366599855
RPL15,236.759131158001,-2.08307110081821,0.199288189704279,-5.43469787359385,5.48893556526798e-08,4.71730678132952e-06
HSPA1B,57.0674389024948,-2.08277212769818,0.353972189416937,-3.05891863844367,0.00222137470086099,0.0489511841975156
LRRC46,22.6969480829107,-2.07772221558844,0.309068918284033,-3.48699643293802,0.000488477872582039,0.0141675935726325
RPL6,156.332860460543,-2.07745161035745,0.22567576092652,-4.77433467348878,1.80302329820976e-06,0.000109448206083521
KLF4,37.4857742582247,-2.07406165981384,0.273988219581539,-3.92010160675615,8.85116431960591e-05,0.00319758102156737
NME2,20.9494070671006,-2.06996492913107,0.278743497735998,-3.83852874711519,0.000123773725356803,0.00430021523691753
CTNNB1,31.9682980624272,-2.06554784121214,0.294487143972786,-3.61831700643139,0.000296525052336636,0.00922277634210463
CXXC5,17.9415960956739,-2.06451284007695,0.301554375930012,-3.53008586525707,0.000415424819844786,0.012376383685664
IGFBP5,32.9532186401683,-2.06332861086805,0.277671000584039,-3.82945503358832,0.000128427346347789,0.00444298758159545
MID1IP1,14.5378738497908,-2.05518347773822,0.306196266054185,-3.44610171553005,0.00056873624485044,0.0159294925251507
SNRPN,11.6210763215249,-2.05508757946131,0.337325599577688,-3.12780168710059,0.00176118969621826,0.0407343718832125
IRX3,6.07828729324211,-2.0495381914289,0.317812712250687,-3.30237951778667,0.000958682627626606,0.0246137242555265
NDUFA8,4.49017559038364,-2.04612109793417,0.340473242984556,-3.07255010339129,0.00212238200641275,0.0471515316771616
IFT20,6.51277203775538,-2.0445539808187,0.326889601549133,-3.19543349151685,0.00139620958431931,0.0335768870432254
ZNF703,9.90648077293276,-2.04246214829728,0.321364296306393,-3.24386423843234,0.00117919935822421,0.0291744641218835
SOD1,38.5855588854387,-2.04194829390983,0.228961504600538,-4.55075754209285,5.34531152587877e-06,0.000279755102263059
LRRC23,36.2451217118043,-2.04182207066162,0.25529045629667,-4.08092838946917,4.48561744623e-05,0.00181750985805185
UQCRC1,24.4186539753278,-2.04058128594912,0.300958768069582,-3.45755431092321,0.000545102356313968,0.0154326391615766
PLK2,22.723214936644,-2.03678756690027,0.293480977549348,-3.53272493351272,0.000411300170003986,0.0122780995904846
PRPF31,8.04757387055285,-2.03555390727556,0.32380400809444,-3.19808860109456,0.00138341768676652,0.03331832950916
NACA,131.059992255642,-2.03041122593877,0.191387484822428,-5.38390076495752,7.28886985218918e-08,6.16683708893249e-06
TUBGCP2,19.1266808029886,-2.02794030551898,0.266063521000011,-3.86351462859478,0.000111767196750969,0.00395031722023068
STOML2,13.1458082909778,-2.0254346221114,0.307047716177633,-3.33965884806701,0.000838813638892416,0.0219151806551588
SNX17,11.8497575700042,-2.02342130430072,0.328394808355823,-3.11643569953098,0.00183051595807522,0.0420992888442398
RPL12,155.71854289424,-2.02299848512864,0.213125129985876,-4.79998996456419,1.58673581259166e-06,9.77728644672044e-05
GSTA1,118.00871376783,-2.01866450798545,0.223616794134099,-4.55540252211371,5.22853581143037e-06,0.000275337361032099
WDR38,31.4375616121708,-2.01647109866777,0.305031349293452,-3.33234961266189,0.000861159989715444,0.0223915310064705
SIX2,13.8459132901512,-2.00993627160658,0.310470717024596,-3.25291957091906,0.00114225823474864,0.028519777852004
C1orf194,11.670464268882,-2.00508205239043,0.285437725283239,-3.52119556513806,0.000429605651223242,0.0126396949168006
EPCAM,17.4206768338858,-2.00298478533969,0.287314436930552,-3.4908958841568,0.000481403815312444,0.0139872649470407
RPL17,141.304754515856,-2.00288067351279,0.204725062592552,-4.89867073827077,9.64871748038259e-07,6.30215630948669e-05
CALML4,15.7247611100726,-1.99842601415327,0.282202643470117,-3.53797541325651,0.000403207601578433,0.0120799117954274
DHX30,21.0275410466097,-1.99650709488747,0.306623289423926,-3.24993935313811,0.00115429621983207,0.0287656653919063
MICOS10,11.2853751827332,-1.99644056574954,0.288439244440347,-3.45459428616559,0.00055112147454706,0.0155510882404051
CIRBP,26.9316447898848,-1.99150376816152,0.262448276731418,-3.77790161364327,0.00015815533176981,0.00533578184394467
PHB2,27.4052322585688,-1.98672023150991,0.275687811592941,-3.57912170947485,0.000344750892894976,0.0106015768928099
AGR2,84.9295515235673,-1.97996404740373,0.194364443807801,-5.04188949483359,4.60957469745159e-07,3.13623938477863e-05
VARS1,11.1470001078933,-1.97964180359668,0.320703872901187,-3.05466159399491,0.00225314597166732,0.0495176589116496
RBM3,43.3596393614399,-1.97771517093704,0.219274898790494,-4.45885587602618,8.2398300295792e-06,0.000411462338082565
TADA3,21.8287580114049,-1.97486317008864,0.274519995974831,-3.5511554144785,0.000383543862978399,0.0115551434291038
COA3,7.28708139247521,-1.97437836615286,0.318494239397109,-3.05932806821657,0.00221834077861176,0.0489503872620966
RPS24,85.6114133298554,-1.96856498806359,0.210756840743191,-4.59565148465949,4.31399242830363e-06,0.000235060573734358
NDUFS3,5.21589625915659,-1.96741269625262,0.278335849134707,-3.47570282182523,0.000509516551226984,0.0146219609226457
GRHPR,15.6522031265018,-1.96691076442749,0.308616136331557,-3.13305317058568,0.00172998100254335,0.0403103084493464
UQCRH,8.94960908051149,-1.96603550403016,0.285507247014657,-3.38357612330787,0.000715483701112318,0.0191526776319066
SERPINF1,10.1538325477686,-1.9637192732192,0.313089152682347,-3.07809857020811,0.0020832599454356,0.0465196761648773
TXNDC5,14.3403732527151,-1.95876102665921,0.30477907473637,-3.14575738996689,0.00165657359168526,0.0389211369476671
DYDC2,11.7207072431603,-1.95514488749397,0.309928892677978,-3.08181944329529,0.00205739590971014,0.0461325959338375
GSTP1,55.5471654952748,-1.95049315992044,0.289810291375347,-3.279708099425,0.00103914541498127,0.0263481451571881
CCDC173,17.7974196205113,-1.94823331610521,0.299708778470294,-3.16384899015961,0.00155697558154773,0.0368996433542712
RSPH1,49.3037540592811,-1.946626789676,0.248663255573562,-3.80686236690873,0.000140741017542814,0.00480786626664564
FAM162A,9.95940634257612,-1.94244813057126,0.304282115386941,-3.09728401017848,0.00195302661305402,0.0442315833072943
EIF4H,23.42154230417,-1.93879652378111,0.251801557354889,-3.72831897325389,0.000192761300917396,0.00633214604549243
ERP29,12.7590678513419,-1.93186785847402,0.274369766347728,-3.39639411032262,0.000682799702291983,0.0183984097998775
RPL4,224.421703015525,-1.92715627202106,0.205301067484539,-4.51608110654798,6.29945449980454e-06,0.000324491459076682
RPS6,225.806325137663,-1.92701160461401,0.196729985528817,-4.71210121894826,2.45175539867852e-06,0.000142981121089363
DHRS3,15.6274039903291,-1.92431661599631,0.289337386144926,-3.19459793396118,0.00140025767545812,0.03362471703317
TPT1,716.033939664285,-1.9243007391409,0.180085147752703,-5.13257617674373,2.8580299338702e-07,2.05589298635095e-05
CFAP53,22.1521949788841,-1.91853618734244,0.285720280864339,-3.21480919927613,0.00130531252471698,0.0317651985336865
H3-3A,147.325930719796,-1.91571947603997,0.234305600639013,-3.90822700585288,9.29759265339701e-05,0.00334406146337709
EZR,320.970800950155,-1.90891366916239,0.177601701897763,-5.11770810442802,3.09270741504032e-07,2.21494821842954e-05
RPL38,45.2740613783201,-1.90183577462516,0.226243616697799,-3.98612693603537,6.71605914386243e-05,0.00258038893553246
DDOST,9.90631022036032,-1.90133298888946,0.289715898166956,-3.11109260690294,0.00186396473755783,0.042780203892239
TACSTD2,83.2444320215925,-1.89852835901084,0.229204531817621,-3.92020328693067,8.84743056777995e-05,0.00319758102156737
ELF3,111.049636375426,-1.8982894400307,0.221496631443679,-4.055544475669,5.00176536140329e-05,0.00200672792595465
SELENOK,13.3229013596304,-1.8869476121158,0.283356768831683,-3.13014443160402,0.00174720375200768,0.0405833429111429
ATP5MG,37.0328992549988,-1.8844623315565,0.22807376592387,-3.87796609563474,0.000105333392164659,0.00374725263759635
RPS20,133.721033916434,-1.88276933715126,0.21628658687016,-4.08147980845987,4.4749865922929e-05,0.00181750985805185
PRMT2,17.2093337428276,-1.87388451655974,0.274586033528754,-3.18255267876993,0.00145982957169191,0.0347993533958499
UBA52,46.8859147197247,-1.86504359528217,0.250197453142842,-3.45744364867015,0.000545326278169494,0.0154326391615766
RABL6,16.5918136436667,-1.8629297784192,0.282725654331303,-3.05218067479652,0.00227185310447974,0.0497975773701057
RPL41,851.873572520459,-1.86060819613134,0.192525580607473,-4.4700979133052,7.81837966778334e-06,0.000392819451062259
PTTG1IP,24.1108275543273,-1.8585528971492,0.248159173926911,-3.45968631166572,0.000540805001696288,0.0153579215177369
EIF3F,17.3196173731968,-1.85827525383721,0.256498788843557,-3.34611815403419,0.000819514668902283,0.0214797030955142
MGLL,31.9445264860163,-1.85475070765663,0.245471872248529,-3.48207189616915,0.000497550085585969,0.0143289159568488
CMTM4,18.7701611106657,-1.85395448951774,0.279786600921436,-3.05216363723412,0.00227198206508229,0.0497975773701057
ALOX15,127.479122176048,-1.84966841021563,0.232236886955346,-3.65862814195835,0.00025356894778218,0.00805550067769496
CFAP298,27.0228600759277,-1.84262259794659,0.27146995877216,-3.10392575943842,0.00190971244430479,0.0436068915374281
PPP1R7,18.7582549950716,-1.83658386567777,0.243047371070227,-3.44206095294916,0.000577300152860204,0.0160704464959332
RPL23,115.374891075691,-1.83556307667774,0.202678723842928,-4.1225988640292,3.74621742469337e-05,0.00157254458426268
SELENBP1,37.442228628891,-1.82885360006884,0.260957672655157,-3.17619938756938,0.00149218352581781,0.0355187533426807
FXYD3,32.5224427107669,-1.8136290550482,0.24158327989779,-3.36790300799141,0.000757422373143507,0.020110487692781
ALDH3B1,80.1486899737652,-1.804648230614,0.261136758462754,-3.08132886136276,0.0020607890349903,0.0461325959338375
HMGN3,24.5340650110788,-1.79922833138962,0.241800929232365,-3.30531538454752,0.000948695807607481,0.0244341543255876
NUDC,27.3173299280481,-1.79233053701629,0.243333402800238,-3.2561519622801,0.00112933290675297,0.028240240481423
PFDN5,50.4891184136393,-1.78464771904722,0.222301795808321,-3.52965083432695,0.00041610843550919,0.012376383685664
MBTPS1,25.8192888154889,-1.78446217165882,0.255035062742438,-3.07589930272081,0.00209868709243969,0.046752334969233
IFT57,66.2169640385456,-1.76964112840128,0.238744363950661,-3.22370386326829,0.001265441891982,0.0310261271083694
PIGR,287.509034749185,-1.74508180586441,0.199472057813155,-3.73526905990173,0.000187514593202253,0.00622342640731623
TLE5,77.5500509967079,-1.74382707470344,0.229926405119141,-3.23506590866763,0.00121614654362962,0.0299976690497403
CTTN,30.0454767080643,-1.74250520840394,0.223935023071847,-3.31571720322513,0.000914082769905984,0.0236546078443658
AQP3,81.6994453645546,-1.7138396585514,0.228264347402086,-3.12724990422605,0.00176449872452428,0.0407531819982418
RACK1,266.846859750536,-1.70794312037797,0.22052938695368,-3.21019855973509,0.00132643310998922,0.0322311402574613
GSN,65.3862853751693,-1.69814318828165,0.220896510573526,-3.1604989434601,0.00157499176297571,0.0372725224603339
RPL37A,142.931200547846,-1.67527430617617,0.215190205143704,-3.13803458538097,0.00170084806820519,0.0397326868465273
EEF1A1,2900.76939122302,-1.64409524483761,0.185138478573039,-3.47899177848927,0.000503304027604639,0.0144691046949932
