row,baseMean,log2FoldChange,lfcSE,stat,pvalue,padj
ENSG00000165949,4029.319461,8.725837823,0.590767419,13.07763016,4.42E-39,1.37E-34
ENSG00000133742,619.6274838,7.120665211,0.904715685,6.765291361,1.33E-11,3.29E-09
ENSG00000250361,29.69302355,6.914588337,1.075135591,5.50124876,3.77E-08,5.78E-06
ENSG00000188536,7835.55743,6.814133301,0.995785056,5.838743279,5.26E-09,9.25E-07
ENSG00000253709,60.45318678,6.562471268,0.752119348,7.395729529,1.41E-13,4.35E-11
ENSG00000206177,223.9451053,6.523781283,1.086617642,5.083463649,3.71E-07,4.92E-05
ENSG00000223609,816.5044049,6.470994455,0.816120955,6.703656393,2.03E-11,4.88E-09
ENSG00000087116,270.7360993,6.378302017,0.792600598,6.785639614,1.16E-11,2.89E-09
ENSG00000158578,2590.956906,6.370656744,0.988295507,5.434262025,5.50E-08,8.23E-06
ENSG00000204010,149.5304061,6.15261149,0.995135753,5.177797578,2.25E-07,3.05E-05
ENSG00000169877,174.7585534,6.138096854,1.109931238,4.629202854,3.67E-06,0.000417738
ENSG00000143416,273.1867551,6.100090127,0.844647359,6.038129494,1.56E-09,2.91E-07
ENSG00000112077,14.85596191,5.990703673,0.849496248,5.874897843,4.23E-09,7.57E-07
ENSG00000211950,1342.26246,5.832530159,0.407563876,11.8571111,1.98E-32,8.74E-29
ENSG00000076864,40.91027235,5.741695614,0.831882251,5.699960074,1.20E-08,2.01E-06
ENSG00000004939,161.2630197,5.676338338,0.902795475,5.179842462,2.22E-07,3.03E-05
ENSG00000170439,183.2505806,5.630286472,0.650064256,7.122813517,1.06E-12,2.92E-10
ENSG00000281990,594.0186534,5.616879387,0.853761625,5.407691388,6.38E-08,9.41E-06
ENSG00000166947,136.9164181,5.562255965,0.789002323,5.782309928,7.37E-09,1.27E-06
ENSG00000196565,13.07436148,5.537161522,0.84524502,5.367865431,7.97E-08,1.16E-05
ENSG00000170180,4.574300343,5.482236824,0.890058521,5.035890023,4.76E-07,6.27E-05
ENSG00000137869,18.07612287,5.337905243,0.792165814,5.476006623,4.35E-08,6.63E-06
ENSG00000211896,48454.29809,5.281747951,0.426963216,10.02837665,1.14E-23,1.54E-20
ENSG00000154277,30.94451932,5.227372792,0.464152595,9.107721972,8.41E-20,5.92E-17
ENSG00000282122,641.7609036,5.171362078,1.089578021,3.828419809,0.000128969,0.010262456
ENSG00000115884,90.35834913,5.140476575,0.486620116,8.508642451,1.76E-17,9.56E-15
ENSG00000129538,319.0872467,5.120694108,0.431048925,9.559690027,1.18E-21,1.18E-18
ENSG00000188403,4.050114338,4.951709534,0.818715456,4.826719108,1.39E-06,0.000166529
ENSG00000244734,103943.2833,4.923837801,0.961291944,4.081837808,4.47E-05,0.004008855
ENSG00000103175,8.115098674,4.923468007,0.736685337,5.325839692,1.00E-07,1.45E-05
ENSG00000211625,519.2415042,4.91216684,0.629418348,6.215527164,5.12E-10,1.00E-07
ENSG00000211946,1291.66685,4.848045123,0.501145633,7.678496764,1.61E-14,5.54E-12
ENSG00000211961,80.70487067,4.794384689,0.851081479,4.458309554,8.26E-06,0.000875707
ENSG00000132972,12.12601766,4.790012308,0.927406675,4.08667784,4.38E-05,0.00396061
ENSG00000211654,117.3892957,4.71208069,0.581236703,6.386521477,1.70E-10,3.57E-08
ENSG00000211658,251.2411487,4.711516528,0.473671519,7.835633717,4.66E-15,1.70E-12
ENSG00000206172,1568.196387,4.697442357,0.956247582,3.866616163,0.000110356,0.008942295
ENSG00000260048,2.332148859,4.680522991,0.865722155,4.251390551,2.12E-05,0.002067954
ENSG00000104892,12.69127115,4.674591196,0.803501834,4.573220668,4.80E-06,0.000536704
ENSG00000163710,4.294190976,4.672770868,0.902047332,4.071594404,4.67E-05,0.004117714
ENSG00000197476,4.541487635,4.584838565,0.868751351,4.126426464,3.68E-05,0.003414613
ENSG00000271178,8.744917903,4.580841807,0.727287185,4.923559609,8.50E-07,0.000106935
ENSG00000233999,3.138846424,4.570362953,0.798552797,4.471041822,7.78E-06,0.000830842
ENSG00000069535,49.86876148,4.56863408,0.617161718,5.782332213,7.37E-09,1.27E-06
ENSG00000115648,3.118776346,4.543690013,0.631515611,5.611405247,2.01E-08,3.20E-06
ENSG00000211669,1186.668614,4.495214284,0.524379211,6.665432591,2.64E-11,6.14E-09
ENSG00000211659,3221.568111,4.49251465,0.373966289,9.339116264,9.71E-21,7.52E-18
ENSG00000012223,10.68032907,4.479090622,0.700801465,4.964445417,6.89E-07,8.89E-05
ENSG00000253274,5.298877968,4.47365639,0.696328314,4.988532449,6.08E-07,7.94E-05
ENSG00000118113,8.161395546,4.424772692,0.686111822,4.991566361,5.99E-07,7.86E-05
ENSG00000223350,258.657721,4.320355766,0.346745262,9.575778342,1.01E-21,1.04E-18
ENSG00000211956,3124.801644,4.277759306,0.332737781,9.850878072,6.79E-23,8.41E-20
ENSG00000211897,7994.609465,4.2087916,0.450939844,7.115786383,1.11E-12,3.02E-10
ENSG00000241294,170.6960694,4.161251163,0.516774899,6.117269181,9.52E-10,1.83E-07
ENSG00000276566,243.4883228,4.158856502,0.810744753,3.896240449,9.77E-05,0.008000331
ENSG00000165966,2.395459568,4.158159671,0.846333705,3.731577333,0.000190285,0.014366021
ENSG00000017427,6.767107225,4.158115182,0.561838368,5.621038651,1.90E-08,3.06E-06
ENSG00000237419,4.355697628,4.142483981,0.843393642,3.725999134,0.000194543,0.014608251
ENSG00000224177,2.651400779,4.118913883,0.868381784,3.591639003,0.000328605,0.02270454
ENSG00000211640,1516.215387,4.093057642,0.436503131,7.085991876,1.38E-12,3.72E-10
ENSG00000273703,2.251968374,4.079425374,0.628777367,4.897481264,9.71E-07,0.000119934
ENSG00000168078,31.48965256,4.078020633,0.29599581,10.39886554,2.51E-25,4.57E-22
ENSG00000261704,14.30451893,4.06955199,0.619856507,4.952036408,7.34E-07,9.39E-05
ENSG00000187955,2.006059894,4.068827318,0.796229655,3.85419872,0.000116109,0.009311
ENSG00000278857,10.8855443,4.065534376,0.525693788,5.831406893,5.50E-09,9.61E-07
ENSG00000254174,2.51506261,4.048328698,0.742572308,4.105093426,4.04E-05,0.003690297
ENSG00000124469,2.818105148,4.039917262,0.847033302,3.588899342,0.000332077,0.022741398
ENSG00000274576,206.9603877,4.025779241,0.618839044,4.889444634,1.01E-06,0.000123719
ENSG00000196188,2.18422737,4.023488577,0.787274346,3.840451033,0.000122808,0.009797457
ENSG00000256663,10.93870567,4.012695191,0.409242334,7.36164111,1.82E-13,5.51E-11
ENSG00000158402,14.14312896,4.011878801,0.360468452,8.355457408,6.52E-17,3.31E-14
ENSG00000257771,2.183725004,4.007439658,0.7884243,3.814493869,0.000136462,0.01077565
ENSG00000243064,10.14860481,3.99933994,0.677746678,4.425458715,9.62E-06,0.001006398
ENSG00000196415,4.299792223,3.994309765,0.880624184,3.400212961,0.000673334,0.041028302
ENSG00000143603,73.68871478,3.980111874,0.329200734,9.052567528,1.40E-19,9.40E-17
ENSG00000211663,3240.900091,3.970031836,0.523743879,5.670771447,1.42E-08,2.34E-06
ENSG00000138772,35.22113574,3.960527861,0.562885926,5.259552112,1.44E-07,2.04E-05
ENSG00000153093,17.20369462,3.959552179,0.398740355,7.42225396,1.15E-13,3.60E-11
ENSG00000206579,2.383896059,3.95657594,0.775746673,3.811264738,0.000138258,0.010889633
ENSG00000211650,229.0877853,3.933356218,0.472220775,6.211832198,5.24E-10,1.02E-07
ENSG00000239571,26.66888041,3.90890515,0.670792616,4.336519339,1.45E-05,0.001440771
ENSG00000276775,269.9277991,3.896216378,0.705253485,4.106631786,4.01E-05,0.003676662
ENSG00000155269,2.007773279,3.881441067,0.762424177,3.779314919,0.00015726,0.01213925
ENSG00000138207,3.976167241,3.879859873,0.697503901,4.128808269,3.65E-05,0.003389587
ENSG00000152253,25.25475543,3.878908762,0.315148138,9.135096836,6.53E-20,4.82E-17
ENSG00000166851,189.7096776,3.878898412,0.221624087,12.99000684,1.39E-38,2.16E-34
ENSG00000235996,1.771566212,3.869228214,0.653279724,4.392036226,1.12E-05,0.001152245
ENSG00000253230,2.262838694,3.868359468,0.709230213,4.044327804,5.25E-05,0.004549758
ENSG00000178445,151.9187174,3.85850504,0.335516524,8.519714626,1.60E-17,8.84E-15
ENSG00000243238,502.2710969,3.853298138,0.443795434,6.429309359,1.28E-10,2.77E-08
ENSG00000089685,240.3283805,3.8442122,0.247119567,11.50945769,1.18E-30,3.33E-27
ENSG00000211649,342.4455898,3.830530705,0.366269133,7.728007773,1.09E-14,3.80E-12
ENSG00000171848,865.6643087,3.819201324,0.222565364,12.66684658,9.03E-37,9.31E-33
ENSG00000187323,8.639594073,3.816583774,0.494335764,5.697713941,1.21E-08,2.02E-06
ENSG00000126787,96.39744055,3.816063827,0.300891467,9.359068418,8.04E-21,6.61E-18
ENSG00000259490,8.390106135,3.809793704,0.447835625,6.274162995,3.52E-10,6.97E-08
ENSG00000224373,1085.138184,3.80789855,0.237915828,11.80206702,3.81E-32,1.47E-28
ENSG00000261241,3.838617618,3.792220346,0.837565812,3.333732473,0.00085689,0.049890048
ENSG00000227640,1.465556711,3.78941675,0.784027827,3.557803247,0.000373969,0.02494794
ENSG00000211673,1438.958927,3.773222858,0.35449123,7.823107107,5.15E-15,1.83E-12
ENSG00000287430,1.260157643,3.766340639,0.761107859,3.634623669,0.000278387,0.01994718
ENSG00000130707,4.384865562,3.762988281,0.592285256,4.664962113,3.09E-06,0.000359199
ENSG00000101335,693.3151843,3.758481424,0.437099476,6.310877895,2.77E-10,5.61E-08
ENSG00000124657,10.67804739,3.754445415,0.625028402,4.406912398,1.05E-05,0.001085508
ENSG00000145386,184.4168853,3.754224911,0.218227863,12.62086737,1.62E-36,1.25E-32
ENSG00000253545,2.926476405,3.748150807,0.661051344,4.157242597,3.22E-05,0.003012281
ENSG00000234429,1.415483203,3.743876129,0.817447907,3.356637293,0.000788965,0.046784741
ENSG00000156234,1.790508813,3.733725412,0.683778419,3.997969718,6.39E-05,0.005447914
ENSG00000102287,2.083354171,3.733576304,0.670764705,4.075313271,4.60E-05,0.004075679
ENSG00000274641,22.52364564,3.732352354,0.556630748,4.908734136,9.17E-07,0.000114876
ENSG00000146267,1.822748997,3.727540158,0.697277755,3.91169823,9.16E-05,0.007565107
ENSG00000211665,94.13980668,3.713645428,0.39766819,6.823893637,8.86E-12,2.25E-09
ENSG00000241244,58.57833263,3.712929186,0.52792958,5.138808828,2.76E-07,3.72E-05
ENSG00000102837,1.204292011,3.71292673,0.783532782,3.462429132,0.000535323,0.034025429
ENSG00000176912,2.263801869,3.711041224,0.618405058,4.383924723,1.17E-05,0.001182951
ENSG00000254933,1.79146397,3.708512627,0.783718955,3.455974375,0.000548307,0.034637365
ENSG00000211660,1451.956708,3.707783733,0.331551174,8.167015974,3.16E-16,1.44E-13
ENSG00000211934,2558.568254,3.693043562,0.378204354,7.12060434,1.07E-12,2.94E-10
ENSG00000275063,1549.363818,3.683057076,0.515429176,5.205481569,1.93E-07,2.67E-05
ENSG00000211945,1035.497314,3.670180344,0.28139089,9.489221009,2.33E-21,2.18E-18
ENSG00000211637,934.657105,3.668976316,0.333948322,7.992183644,1.33E-15,5.33E-13
ENSG00000259337,2.501586533,3.666386433,0.660917926,4.034368459,5.47E-05,0.004733831
ENSG00000170476,1906.905336,3.66438151,0.238749228,11.15974919,6.42E-29,1.53E-25
ENSG00000117399,232.9369504,3.659698529,0.230710945,11.52827202,9.50E-31,2.94E-27
ENSG00000211668,1015.998131,3.659463428,0.322287006,8.251848141,1.56E-16,7.66E-14
ENSG00000170790,1.961223711,3.659372826,0.776384873,3.425327977,0.000614058,0.037863627
ENSG00000211648,1653.601991,3.637900924,0.377661914,6.984821149,2.85E-12,7.36E-10
ENSG00000211679,7149.744491,3.63623772,0.298517706,8.831093321,1.04E-18,6.68E-16
ENSG00000241566,13.56851013,3.635148241,0.747964028,3.523094888,0.000426539,0.027854592
ENSG00000109472,11.42895877,3.610427298,0.645157078,4.04618873,5.21E-05,0.004539188
ENSG00000115163,36.61422899,3.609761094,0.278312893,9.377075816,6.78E-21,5.92E-18
ENSG00000232216,326.1536018,3.608144378,0.467144949,5.583158682,2.36E-08,3.75E-06
ENSG00000169302,1.680423009,3.605947861,0.686854723,3.794030634,0.000148221,0.011527515
ENSG00000180535,45.02743139,3.593443925,0.370019269,7.008942883,2.40E-12,6.30E-10
ENSG00000223648,104.9762931,3.591752073,0.600057397,4.319173606,1.57E-05,0.001553797
ENSG00000099260,1.650361699,3.588169371,0.714790728,3.620877091,0.000293606,0.020844678
ENSG00000211677,14385.0413,3.584883947,0.321964887,8.028465381,9.87E-16,4.13E-13
ENSG00000287080,5.284867161,3.582865688,0.457654294,5.643704691,1.66E-08,2.71E-06
ENSG00000132465,7788.070422,3.578456283,0.293388855,8.788528397,1.52E-18,9.57E-16
ENSG00000287632,3.662664325,3.577026516,0.676686622,3.80830126,0.000139925,0.010992971
ENSG00000211970,449.0186227,3.572589316,0.385060146,6.681006435,2.37E-11,5.56E-09
ENSG00000175063,144.7810265,3.566700139,0.210719504,12.18064813,3.94E-34,2.03E-30
ENSG00000159189,117.4605271,3.561355168,0.379646557,6.746683521,1.51E-11,3.72E-09
ENSG00000211644,129.6693134,3.54321891,0.363653496,6.993522507,2.68E-12,6.97E-10
ENSG00000211962,1023.732412,3.538150456,0.267047796,9.504480065,2.01E-21,1.94E-18
ENSG00000024526,19.33981393,3.53592807,0.318323583,7.966510188,1.63E-15,6.40E-13
ENSG00000065328,98.48503736,3.516135152,0.248289115,10.1338923,3.91E-24,5.76E-21
ENSG00000255428,1.349596007,3.515410087,0.650832217,3.86491329,0.000111129,0.008981402
ENSG00000108309,11.01744957,3.513057576,0.745653182,3.370276739,0.000750927,0.044700391
ENSG00000090889,53.87575193,3.510547607,0.236515974,10.61470633,2.55E-26,4.93E-23
ENSG00000266602,1.783312698,3.503665552,0.74376472,3.366206387,0.000762097,0.045278195
ENSG00000073754,3.415065658,3.503383523,0.662646286,3.777857925,0.000158183,0.012180097
ENSG00000112984,66.00341889,3.498057135,0.257168113,9.71371259,2.64E-22,3.02E-19
ENSG00000224819,1.382732937,3.491480999,0.705132939,3.533349334,0.00041033,0.027027138
ENSG00000144191,1.207183801,3.485901335,0.693653289,3.583780797,0.000338656,0.023089797
ENSG00000271736,4.505903229,3.482519112,0.706840129,3.512136636,0.000444519,0.028967692
ENSG00000211955,1209.613682,3.47651077,0.300459949,8.242398954,1.69E-16,8.16E-14
ENSG00000087245,14.09566311,3.474081713,0.694170341,3.564084442,0.000365128,0.024463603
ENSG00000249125,1.757851457,3.469592821,0.686922473,3.595155083,0.000324198,0.022450195
ENSG00000138180,71.13755631,3.468904377,0.263945736,9.353833166,8.45E-21,6.71E-18
ENSG00000242580,47.89547231,3.464146893,0.722932293,3.408544504,0.000653104,0.039874144
ENSG00000277856,300.3869056,3.463179864,0.516886554,4.765416794,1.88E-06,0.000223514
ENSG00000282600,53.72140617,3.457763265,0.373521446,6.579978982,4.71E-11,1.07E-08
ENSG00000183578,8.245162399,3.447453869,0.533759022,4.585316159,4.53E-06,0.000508386
ENSG00000211974,113.9900207,3.445865077,0.72175507,3.388774362,0.000702058,0.042610764
ENSG00000175093,3.420882256,3.443764616,0.730791505,3.343997024,0.000825806,0.048504755
ENSG00000251127,11.27547238,3.442113474,0.431534493,5.65913852,1.52E-08,2.49E-06
ENSG00000196517,21.51255539,3.44115165,0.413144929,5.908705339,3.45E-09,6.24E-07
ENSG00000101057,980.8095013,3.437005788,0.258321565,9.434000552,3.95E-21,3.59E-18
ENSG00000211942,281.8410358,3.434862894,0.561103408,4.33941919,1.43E-05,0.001426478
ENSG00000273983,7.17798919,3.430550704,0.425141557,5.717038634,1.08E-08,1.82E-06
ENSG00000157456,150.6562178,3.427887543,0.246620637,9.844624402,7.23E-23,8.61E-20
ENSG00000211647,12.79614155,3.425272989,0.581160533,4.173155007,3.00E-05,0.002826415
ENSG00000135451,61.47969244,3.422048104,0.280679262,8.629237826,6.18E-18,3.54E-15
ENSG00000211890,6208.591622,3.420020821,0.371800457,6.508923736,7.57E-11,1.67E-08
ENSG00000111291,35.3752635,3.411140706,0.296343482,8.136304152,4.08E-16,1.80E-13
ENSG00000128591,2.41889379,3.41113704,0.698071496,3.453997268,0.000552343,0.034781048
ENSG00000211959,1941.295442,3.409309954,0.487361865,4.943575048,7.67E-07,9.77E-05
ENSG00000121898,1.909262178,3.408647297,0.694393269,3.468707725,0.000522968,0.033308546
ENSG00000183778,2.394522179,3.408611606,0.683240201,3.525277938,0.000423039,0.027684439
ENSG00000211599,31.71002488,3.398885888,0.316517317,7.57900361,3.48E-14,1.16E-11
ENSG00000048462,263.5334969,3.393909205,0.291385878,8.215597892,2.11E-16,1.01E-13
ENSG00000184661,67.66654012,3.391304023,0.246842029,9.687588573,3.40E-22,3.76E-19
ENSG00000047597,153.9428213,3.390806318,0.372947526,6.410570266,1.45E-10,3.12E-08
ENSG00000248385,20.61820122,3.367317966,0.607239447,3.89849174,9.68E-05,0.007947353
ENSG00000002079,2.063869732,3.364484503,0.634671422,3.725525402,0.000194909,0.014608251
ENSG00000259986,1.606324096,3.35366882,0.675503117,3.484319701,0.00049339,0.031554518
ENSG00000183454,4.277383368,3.353433745,0.604945466,3.890323802,0.000100111,0.008176311
ENSG00000243290,139.0315949,3.351416559,0.354845375,6.626594918,3.44E-11,7.94E-09
ENSG00000185155,14.03188785,3.343853149,0.406552282,5.765194909,8.16E-09,1.40E-06
ENSG00000276368,15.67094459,3.343047279,0.324076512,7.229920078,4.83E-13,1.39E-10
ENSG00000196166,2.306180653,3.342797127,0.658120165,3.559831852,0.000371092,0.024809486
ENSG00000108950,375.3137676,3.338232851,0.436745861,5.353760757,8.61E-08,1.25E-05
ENSG00000105974,44.03487307,3.326096121,0.356415011,6.526369682,6.74E-11,1.51E-08
ENSG00000163554,19.87052696,3.320585018,0.533490399,4.349815898,1.36E-05,0.0013649
ENSG00000167100,47.4955532,3.318998263,0.452192821,5.128339403,2.92E-07,3.92E-05
ENSG00000285980,1.5671173,3.318480347,0.682262453,3.39822357,0.00067825,0.041246642
ENSG00000243264,181.1302783,3.316718859,0.509173129,4.549962926,5.37E-06,0.00059316
ENSG00000244437,1812.949076,3.306686241,0.286950796,8.038612454,9.09E-16,3.85E-13
ENSG00000211895,43792.20703,3.301039595,0.420295059,5.474819528,4.38E-08,6.65E-06
ENSG00000214050,2.981447452,3.300293011,0.571070795,4.028034755,5.62E-05,0.004849606
ENSG00000018236,2.012832019,3.299242898,0.665827264,3.453212301,0.000553953,0.034781048
ENSG00000211666,2598.120098,3.298619382,0.280262125,8.201676833,2.37E-16,1.10E-13
ENSG00000253771,1.778890325,3.296169339,0.627134126,3.661368826,0.000250871,0.018186113
ENSG00000104313,1.529001934,3.294709752,0.669617525,3.426896201,0.000610522,0.03779622
ENSG00000243466,2911.155183,3.291895743,0.310450798,7.382476569,1.55E-13,4.76E-11
ENSG00000134201,13.75301833,3.285314336,0.508855324,4.491088581,7.09E-06,0.000761598
ENSG00000105610,60.98471461,3.278821608,0.414171411,5.50212194,3.75E-08,5.78E-06
ENSG00000165480,58.03488821,3.278201137,0.28333368,8.040700067,8.93E-16,3.84E-13
ENSG00000251039,20.49895104,3.272437816,0.456748849,4.975245848,6.52E-07,8.44E-05
ENSG00000253497,5.363801409,3.27128765,0.607497178,3.738762473,0.000184928,0.014064551
ENSG00000242371,3.235677568,3.270172361,0.619930179,3.661980714,0.000250273,0.018185308
ENSG00000184357,68.5956024,3.268749945,0.229413489,9.889348503,4.63E-23,5.97E-20
ENSG00000125144,5.949305818,3.267209413,0.419139839,5.409195699,6.33E-08,9.38E-06
ENSG00000159307,31.53562481,3.251395017,0.475738079,4.732425498,2.22E-06,0.000260122
ENSG00000158089,21.70035515,3.25083092,0.330197424,6.816621674,9.32E-12,2.35E-09
ENSG00000120885,5145.382969,3.240748891,0.350665555,6.389988573,1.66E-10,3.52E-08
ENSG00000211651,1643.718229,3.238287023,0.34977369,6.399243525,1.56E-10,3.33E-08
ENSG00000165899,3.200684925,3.23281199,0.615458071,3.627886441,0.000285751,0.020380491
ENSG00000123485,88.36770199,3.232055614,0.203885273,10.94760587,6.82E-28,1.41E-24
ENSG00000109805,91.42991544,3.22590049,0.251104885,8.864425261,7.69E-19,5.06E-16
ENSG00000211664,128.1568664,3.225655592,0.596830198,3.72912698,0.000192144,0.014471132
ENSG00000211949,3369.108409,3.217983164,0.298075405,7.441013671,9.99E-14,3.16E-11
ENSG00000178999,121.2942829,3.214960643,0.191637587,11.55807,6.72E-31,2.31E-27
ENSG00000127564,117.274976,3.213995978,0.21405974,10.34288831,4.51E-25,7.75E-22
ENSG00000171241,198.757952,3.204858184,0.216868233,10.1668103,2.79E-24,4.32E-21
ENSG00000167900,471.0536154,3.201233417,0.180066615,12.22455043,2.30E-34,1.42E-30
ENSG00000169607,44.29491306,3.200582052,0.265467124,8.289471101,1.14E-16,5.68E-14
ENSG00000211935,301.7233739,3.19345733,0.519709567,4.220544449,2.44E-05,0.00233557
ENSG00000121211,9.15778619,3.186493191,0.367855798,5.943886715,2.78E-09,5.10E-07
ENSG00000183010,83.5421454,3.183262484,0.239098481,9.131226927,6.77E-20,4.88E-17
ENSG00000236279,31.51030878,3.178828089,0.47949666,4.543990126,5.52E-06,0.000603759
ENSG00000131747,377.474604,3.168652879,0.248332228,8.732869259,2.48E-18,1.51E-15
ENSG00000139734,25.23186907,3.168507813,0.291292898,7.444423912,9.74E-14,3.11E-11
ENSG00000166803,28.54687714,3.167356816,0.290886463,7.450868604,9.27E-14,2.99E-11
ENSG00000132170,43.87356415,3.1649042,0.419739908,5.157727819,2.50E-07,3.38E-05
ENSG00000088325,230.194468,3.163158214,0.192219304,11.25359506,2.22E-29,5.74E-26
ENSG00000277836,55.02468431,3.161159049,0.569713635,3.793412896,0.000148591,0.011527515
ENSG00000143476,142.3522308,3.159290362,0.214741973,10.05527859,8.71E-24,1.23E-20
ENSG00000206192,3.289830586,3.159253705,0.605691395,3.564940372,0.000363939,0.024436801
ENSG00000148773,571.173141,3.158544674,0.208941517,10.33085574,5.11E-25,8.33E-22
ENSG00000184792,456.6737225,3.155718271,0.463110106,4.654872016,3.24E-06,0.00037443
ENSG00000166211,4.214640109,3.148644151,0.62643969,3.429929786,0.000603737,0.037601789
ENSG00000211592,41745.07954,3.145800037,0.246614422,8.701032243,3.29E-18,1.96E-15
ENSG00000163518,3.729124103,3.134228527,0.601123482,3.550399527,0.000384647,0.025550131
ENSG00000211598,3645.15309,3.133458696,0.271660467,7.853401407,4.05E-15,1.51E-12
ENSG00000182747,17.15748357,3.130282546,0.509019072,4.185074124,2.85E-05,0.00269029
ENSG00000244575,189.2320557,3.12512531,0.377163148,5.634498811,1.76E-08,2.85E-06
ENSG00000169679,236.4177132,3.118831824,0.219868325,9.636821613,5.59E-22,5.97E-19
ENSG00000005961,5210.749658,3.117352746,0.376848573,5.618577059,1.93E-08,3.09E-06
ENSG00000165304,62.48552069,3.117321097,0.27907651,7.586883962,3.28E-14,1.10E-11
ENSG00000075218,56.20367875,3.115827843,0.225677281,9.375457865,6.89E-21,5.92E-18
ENSG00000211965,517.8194573,3.114023442,0.349637437,6.046330336,1.48E-09,2.78E-07
ENSG00000211947,1464.205815,3.11266444,0.27705572,7.625413533,2.43E-14,8.27E-12
ENSG00000267659,7.508505311,3.111619659,0.388987186,5.428506998,5.68E-08,8.46E-06
ENSG00000211941,612.7853484,3.103217552,0.314115552,6.69568106,2.15E-11,5.07E-09
ENSG00000270550,1795.795664,3.101316951,0.333507035,6.300667548,2.96E-10,5.92E-08
ENSG00000211952,110.8216117,3.098364202,0.302080896,6.94636512,3.75E-12,9.59E-10
ENSG00000198753,62.92936226,3.095689803,0.55048578,3.806982631,0.000140673,0.010997557
ENSG00000164045,33.02742443,3.093841743,0.261530769,8.006100967,1.18E-15,4.82E-13
ENSG00000231131,8.695707741,3.092240237,0.444901687,4.702702413,2.57E-06,0.000299892
ENSG00000211653,2196.315828,3.085876904,0.292735422,7.125468076,1.04E-12,2.89E-10
ENSG00000111206,91.79398854,3.079315716,0.188703877,11.0189348,3.10E-28,6.85E-25
ENSG00000244128,3.416389114,3.078860584,0.576642714,3.605110292,0.00031202,0.021752881
ENSG00000071539,91.27015621,3.068156363,0.24533018,8.430093533,3.45E-17,1.81E-14
ENSG00000105048,221.4497107,3.063115235,0.426860671,4.833228671,1.34E-06,0.000161799
ENSG00000205126,5.923381263,3.060125823,0.616916244,3.339393059,0.000839617,0.049129482
ENSG00000211966,937.4276153,3.045120378,0.281895497,7.25488843,4.02E-13,1.19E-10
ENSG00000157613,5.022614239,3.043843957,0.612349883,3.337706127,0.00084473,0.049335443
ENSG00000093009,109.2302252,3.034003989,0.235643555,8.63169793,6.04E-18,3.53E-15
ENSG00000154839,51.82347842,3.03393092,0.241620781,8.417864195,3.83E-17,1.98E-14
ENSG00000214145,3.238938739,3.030705643,0.504457448,4.025524158,5.68E-05,0.004888027
ENSG00000197153,4.652912889,3.030131533,0.472587456,4.295779554,1.74E-05,0.001716079
ENSG00000157680,8.820423926,3.022494642,0.540400988,3.742581321,0.00018214,0.013886571
ENSG00000104067,3.530119292,3.019585767,0.548266826,3.68358192,0.000229979,0.016829267
ENSG00000211964,1320.599775,3.018044815,0.436623417,4.621934454,3.80E-06,0.00042949
ENSG00000240382,171.0139372,3.00869412,0.277385656,7.241521241,4.44E-13,1.28E-10
ENSG00000131142,5.552248617,3.001955797,0.442743184,4.521708906,6.13E-06,0.000668589
ENSG00000211655,76.19939906,3.000968758,0.489916993,4.084301601,4.42E-05,0.003978091
ENSG00000070182,151.6953529,2.998114621,0.400600182,4.987802574,6.11E-07,7.94E-05
ENSG00000077943,4.897974433,2.998014336,0.554828063,3.601141449,0.000316823,0.022038075
ENSG00000253239,31.74701667,2.99539092,0.565597498,3.527934487,0.000418816,0.027524468
ENSG00000112379,4.82717022,2.992678053,0.553937269,3.597299126,0.000321539,0.022315935
ENSG00000186185,34.03560988,2.987630418,0.312216924,6.366184103,1.94E-10,4.01E-08
ENSG00000176890,72.52277814,2.97496197,0.230280039,8.576348952,9.79E-18,5.51E-15
ENSG00000079102,3.172752298,2.974244116,0.583257713,3.38485728,0.000712153,0.043054639
ENSG00000243063,12.94257544,2.973319945,0.463498261,4.257448434,2.07E-05,0.002031893
ENSG00000109272,253.8761554,2.970702384,0.443473288,4.443790495,8.84E-06,0.000933772
ENSG00000167994,11.90821596,2.968413652,0.462561808,4.25546082,2.09E-05,0.002037094
ENSG00000240864,279.5009511,2.964936722,0.311562007,6.306727636,2.85E-10,5.73E-08
ENSG00000222037,36.19573539,2.96482355,0.447594193,4.389743168,1.13E-05,0.001158508
ENSG00000211972,120.878044,2.960423599,0.344864583,5.684618534,1.31E-08,2.17E-06
ENSG00000066279,85.09009442,2.959336726,0.210479203,9.308932633,1.29E-20,9.75E-18
ENSG00000161911,973.6159868,2.959287155,0.350984035,5.5822686,2.37E-08,3.75E-06
ENSG00000239855,159.6732873,2.957650675,0.385576238,5.077207781,3.83E-07,5.07E-05
ENSG00000136160,11.34381826,2.956013181,0.553590705,3.533320126,0.000410375,0.027027138
ENSG00000115155,148.6041654,2.956001067,0.490414691,3.988463444,6.65E-05,0.005655283
ENSG00000258991,3.445247499,2.955468455,0.580034576,3.371296362,0.000748153,0.044621072
ENSG00000244242,4.728602736,2.947535244,0.458398113,4.248567322,2.15E-05,0.002087619
ENSG00000094804,112.1895036,2.942360615,0.229311908,8.470387042,2.45E-17,1.31E-14
ENSG00000211638,383.2051192,2.937662747,0.48924316,3.96053109,7.48E-05,0.006273282
ENSG00000211662,1770.560871,2.93728345,0.350328714,5.529901983,3.20E-08,4.98E-06
ENSG00000161888,41.00639931,2.935329911,0.255594266,7.571883125,3.68E-14,1.21E-11
ENSG00000251634,12.10570409,2.932502392,0.532906628,3.626343321,0.000287463,0.020455478
ENSG00000211670,149.3149109,2.931411246,0.473650216,4.077716387,4.55E-05,0.004057043
ENSG00000211937,614.0420483,2.924701596,0.348446273,5.523668191,3.32E-08,5.14E-06
ENSG00000072571,46.37364729,2.922075688,0.241539702,7.957597343,1.75E-15,6.79E-13
ENSG00000162722,1266.573629,2.919441082,0.346223735,5.543932682,2.96E-08,4.62E-06
ENSG00000211632,57.86513459,2.912928542,0.32574221,5.872522752,4.29E-09,7.59E-07
ENSG00000173369,396.1963767,2.905413013,0.312752566,6.092397698,1.11E-09,2.11E-07
ENSG00000142945,105.4649483,2.904917455,0.235983623,8.072244301,6.90E-16,3.01E-13
ENSG00000211639,138.4503612,2.900190592,0.442034153,4.298741578,1.72E-05,0.001698718
ENSG00000211973,277.431795,2.89751569,0.510195317,3.719194647,0.000199859,0.014907073
ENSG00000087842,6.448973624,2.891428057,0.390027775,4.849470165,1.24E-06,0.000150269
ENSG00000157927,3.432309157,2.880614199,0.519646396,3.619026735,0.000295713,0.020946231
ENSG00000197561,40.56207206,2.875698901,0.542031941,3.460495149,0.000539183,0.034200551
ENSG00000240671,230.0957614,2.874670285,0.344383648,5.443551975,5.22E-08,7.85E-06
ENSG00000086506,28.46632422,2.873550914,0.485632315,3.857961785,0.000114337,0.009216595
ENSG00000286522,9.40904941,2.873293446,0.418454664,4.476693906,7.58E-06,0.000811957
ENSG00000011426,51.59491872,2.873129679,0.238905722,7.840455491,4.49E-15,1.65E-12
ENSG00000105976,16.39988071,2.872482126,0.429812227,4.356512,1.32E-05,0.001332952
ENSG00000085999,37.43220306,2.86785003,0.232863488,8.021223269,1.05E-15,4.32E-13
ENSG00000146670,108.1457711,2.863512026,0.228648808,8.150106018,3.64E-16,1.63E-13
ENSG00000241755,982.8341488,2.863184728,0.516724003,3.605763843,0.000311236,0.021747182
ENSG00000197794,7.512748973,2.861141593,0.519416467,3.583139375,0.000339489,0.023095721
ENSG00000035499,50.34686021,2.859543159,0.256373453,7.253259401,4.07E-13,1.19E-10
ENSG00000241351,1945.760616,2.858793869,0.263875014,7.044220833,1.87E-12,4.98E-10
ENSG00000253209,6.0019823,2.854593324,0.519848916,3.567562164,0.000360318,0.024260599
ENSG00000115414,179.1163642,2.85452786,0.514284743,3.606033205,0.000310913,0.021747182
ENSG00000115290,19.698603,2.851014193,0.410701579,4.506956603,6.58E-06,0.000714267
ENSG00000129173,25.16504336,2.838017043,0.33676779,5.457817219,4.82E-08,7.28E-06
ENSG00000183856,10.77681897,2.837661152,0.449667098,4.086714728,4.38E-05,0.00396061
ENSG00000117650,34.16689537,2.835464851,0.254405612,7.214718417,5.40E-13,1.53E-10
ENSG00000231475,302.6513,2.833304406,0.352091681,5.206894984,1.92E-07,2.67E-05
ENSG00000166091,201.310668,2.829362648,0.343822631,5.320658038,1.03E-07,1.49E-05
ENSG00000138798,113.1440106,2.826902746,0.348746837,5.238478319,1.62E-07,2.28E-05
ENSG00000173210,243.4151537,2.820722305,0.349864119,5.204084115,1.95E-07,2.68E-05
ENSG00000105971,31.59921404,2.818542395,0.393215901,4.624793626,3.75E-06,0.00042516
ENSG00000152760,8.907393028,2.814820784,0.505526659,3.589960592,0.000330728,0.022709941
ENSG00000131153,116.3690962,2.807500214,0.205844946,8.780882172,1.62E-18,1.00E-15
ENSG00000196090,3.279302153,2.803104678,0.539885176,3.339792901,0.000838409,0.049129482
ENSG00000135476,65.86145971,2.79934146,0.226530381,7.943047,1.97E-15,7.45E-13
ENSG00000276043,231.2482584,2.799265734,0.19850441,9.064109606,1.26E-19,8.64E-17
ENSG00000163898,24.04578491,2.787230042,0.469465613,3.806945583,0.000140694,0.010997557
ENSG00000167513,98.33543215,2.785977688,0.190848571,9.35808783,8.12E-21,6.61E-18
ENSG00000156970,71.33152401,2.782758704,0.227737827,7.828118522,4.95E-15,1.78E-12
ENSG00000235169,15.79179429,2.781581902,0.435467843,4.091190503,4.29E-05,0.003907163
ENSG00000286848,7.341038886,2.780384458,0.39637582,4.491657581,7.07E-06,0.000761598
ENSG00000091656,5.792285387,2.764916885,0.470177186,3.753727185,0.000174224,0.013315913
ENSG00000100526,86.25454441,2.760353896,0.242166828,7.269178489,3.62E-13,1.08E-10
ENSG00000165891,19.90331653,2.759431527,0.307526494,5.721235611,1.06E-08,1.79E-06
ENSG00000106853,22.18956555,2.754499352,0.325932339,5.383017093,7.32E-08,1.07E-05
ENSG00000101187,116.2972595,2.746881153,0.270104313,6.46743155,9.97E-11,2.17E-08
ENSG00000088340,23.80430748,2.743154516,0.427150222,4.080893389,4.49E-05,0.004013547
ENSG00000124302,18.04488095,2.741149131,0.449749549,3.871374938,0.000108223,0.008815632
ENSG00000248516,11.96318919,2.736756848,0.503640839,3.448403533,0.000563911,0.035334609
ENSG00000137198,478.6238525,2.734203367,0.31176202,5.562587018,2.66E-08,4.18E-06
ENSG00000148346,62.94578252,2.733335164,0.381066031,4.548647805,5.40E-06,0.000594754
ENSG00000170312,126.2155761,2.729367547,0.26550815,6.513425458,7.35E-11,1.64E-08
ENSG00000101412,299.0071312,2.718415189,0.275069548,6.247202586,4.18E-10,8.24E-08
ENSG00000099958,140.5317551,2.712314858,0.214451086,7.984640654,1.41E-15,5.59E-13
ENSG00000140538,5.824207158,2.699237393,0.496001168,3.425873775,0.000612825,0.03786305
ENSG00000237649,76.84883678,2.698832098,0.217268538,7.819043247,5.32E-15,1.87E-12
ENSG00000156509,7.97814161,2.683038614,0.319395618,5.269448044,1.37E-07,1.94E-05
ENSG00000174371,54.55762535,2.681693209,0.259339947,6.484512804,8.90E-11,1.95E-08
ENSG00000254395,83.07770745,2.676228836,0.372998995,4.493923194,6.99E-06,0.00075678
ENSG00000242951,5.17060016,2.672160498,0.463709235,3.606053901,0.000310889,0.021747182
ENSG00000205639,112.9620545,2.6664134,0.359955992,4.629492045,3.67E-06,0.000417738
ENSG00000224650,849.1311113,2.663063042,0.378158479,4.397793877,1.09E-05,0.001128343
ENSG00000238243,64.90469972,2.660264629,0.439098594,3.781074803,0.000156153,0.01208388
ENSG00000211933,227.0812186,2.653280599,0.354644167,4.661801188,3.13E-06,0.000363395
ENSG00000092853,90.06907029,2.64552082,0.200542492,8.205347429,2.30E-16,1.08E-13
ENSG00000211938,1143.112189,2.640944906,0.31379507,5.229352099,1.70E-07,2.38E-05
ENSG00000140682,68.53278855,2.639918205,0.353123032,4.644042038,3.42E-06,0.000393148
ENSG00000152952,31.39378734,2.639719612,0.353365259,4.64029661,3.48E-06,0.000398859
ENSG00000274997,21.74231479,2.636207317,0.284509771,5.750970553,8.87E-09,1.51E-06
ENSG00000113140,3610.992531,2.635405987,0.330025915,4.955386566,7.22E-07,9.27E-05
ENSG00000130821,83.33783452,2.629364765,0.409144006,3.982374766,6.82E-05,0.005786285
ENSG00000211943,746.1621539,2.626451534,0.335489175,4.848000036,1.25E-06,0.000150795
ENSG00000136542,4.456078574,2.626400498,0.481041003,3.381001802,0.000722221,0.04342601
ENSG00000223722,12.05376401,2.620501715,0.389743047,4.157872033,3.21E-05,0.003012281
ENSG00000118193,36.2565969,2.618668748,0.24067802,6.725453148,1.75E-11,4.27E-09
ENSG00000171320,35.76144049,2.616411553,0.22978022,7.034598342,2.00E-12,5.29E-10
ENSG00000157152,11.52853825,2.615422118,0.467387532,3.456279869,0.000547686,0.034637365
ENSG00000165507,23.28647709,2.611985946,0.453830725,3.551954191,0.000382381,0.025454268
ENSG00000102145,91.35856913,2.606598306,0.361627756,4.44268527,8.88E-06,0.000935391
ENSG00000100206,7.045765731,2.5979667,0.378718516,4.219404736,2.45E-05,0.002340162
ENSG00000239264,249.705388,2.594257791,0.222919179,7.151730055,8.57E-13,2.41E-10
ENSG00000163053,25.45028867,2.591870387,0.311818533,5.105117942,3.31E-07,4.41E-05
ENSG00000137941,25.13944022,2.587402364,0.32349732,4.907003137,9.25E-07,0.000115427
ENSG00000129195,20.42139221,2.585854026,0.270027165,5.87294255,4.28E-09,7.59E-07
ENSG00000249816,5.280039402,2.585713651,0.403563636,3.92927784,8.52E-05,0.007108686
ENSG00000211967,301.6331192,2.57725659,0.346976397,4.545717245,5.47E-06,0.000600952
ENSG00000259719,59.84686424,2.577034577,0.355651206,4.434216864,9.24E-06,0.000969622
ENSG00000085840,78.5713111,2.575613117,0.247483129,6.366547592,1.93E-10,4.01E-08
ENSG00000163221,3770.806343,2.568207489,0.416995139,3.760733262,0.000169416,0.012980453
ENSG00000140534,19.24852363,2.561647063,0.254458794,6.137131441,8.40E-10,1.63E-07
ENSG00000169385,1398.725385,2.553980137,0.354047703,4.389182931,1.14E-05,0.001158508
ENSG00000124635,69.41639959,2.551012468,0.322902928,4.803339744,1.56E-06,0.000185773
ENSG00000234456,38.58575989,2.545242899,0.401311659,3.85048095,0.000117886,0.00942906
ENSG00000174175,658.9033144,2.543237226,0.338193958,4.56317208,5.04E-06,0.00056103
ENSG00000259207,1620.915772,2.541259337,0.37479776,4.11224266,3.92E-05,0.003609772
ENSG00000102230,54.28576844,2.529008309,0.433539121,3.526805851,0.000420605,0.027583494
ENSG00000153721,8.415832792,2.528896216,0.451309241,3.387690917,0.000704836,0.042695709
ENSG00000051180,102.9038578,2.528138222,0.209425223,7.296820306,2.95E-13,8.85E-11
ENSG00000145335,640.0311203,2.524914079,0.347218725,4.391796787,1.12E-05,0.001152245
ENSG00000239951,3246.156682,2.519160251,0.374637598,4.055012791,5.01E-05,0.004383538
ENSG00000112742,44.25258477,2.515091031,0.238825854,6.343915467,2.24E-10,4.59E-08
ENSG00000123500,18.45658674,2.511735634,0.446690531,3.384301947,0.000713595,0.043057726
ENSG00000158406,111.3765084,2.511270847,0.347062004,4.35446931,1.33E-05,0.001340566
ENSG00000211968,53.59421056,2.511118774,0.427670109,3.533374774,0.00041029,0.027027138
ENSG00000146858,21.0557164,2.503527115,0.307479921,4.889838371,1.01E-06,0.000123719
ENSG00000003436,51.77296462,2.500240474,0.35537013,4.221627958,2.43E-05,0.002331588
ENSG00000196747,18.96890226,2.49712771,0.288866954,5.182758663,2.19E-07,2.99E-05
ENSG00000172889,103.1316473,2.480562237,0.310916855,4.761923361,1.92E-06,0.000226551
ENSG00000204420,1304.172563,2.476005309,0.334055205,4.418447268,9.94E-06,0.001036099
ENSG00000275713,84.55408743,2.443583892,0.363666481,3.96952694,7.20E-05,0.006090619
ENSG00000239819,83.55675821,2.439332087,0.385271415,3.735891195,0.000187052,0.014156463
ENSG00000278196,547.0428232,2.437257134,0.366157771,3.925240014,8.66E-05,0.007209561
ENSG00000163808,85.2787293,2.420094174,0.211975732,6.699324315,2.09E-11,4.99E-09
ENSG00000111665,68.30334197,2.418434861,0.188374018,7.529885891,5.08E-14,1.65E-11
ENSG00000137563,147.1388065,2.41109137,0.214984475,6.563689626,5.25E-11,1.19E-08
ENSG00000079308,289.995546,2.408493272,0.384822634,3.660110263,0.000252107,0.018232972
ENSG00000165409,26.58773535,2.404270162,0.238592644,5.885638959,3.97E-09,7.14E-07
ENSG00000253633,9.630188473,2.401893819,0.367275445,3.817009384,0.000135079,0.010693699
ENSG00000211951,126.1884117,2.38959364,0.34353326,4.045004671,5.23E-05,0.004549376
ENSG00000162062,33.3541778,2.386694081,0.210712376,6.580980721,4.67E-11,1.07E-08
ENSG00000136842,57.40265128,2.384270048,0.380613207,3.636946969,0.000275889,0.019814058
ENSG00000088826,612.6222981,2.374298985,0.308085469,4.460771837,8.17E-06,0.00086868
ENSG00000122952,299.2708297,2.36922474,0.172269939,7.948135039,1.89E-15,7.24E-13
ENSG00000185052,54.88209147,2.368457634,0.392194627,3.489230954,0.000484412,0.031108925
ENSG00000277224,23.81414724,2.368050842,0.259504396,5.271782928,1.35E-07,1.93E-05
ENSG00000278828,642.7144329,2.361636434,0.339994907,4.004873035,6.21E-05,0.005305858
ENSG00000211652,170.5754809,2.357579191,0.379695238,3.575444345,0.000349634,0.023681744
ENSG00000140479,232.0750355,2.341373008,0.362481985,3.700523241,0.000215155,0.015894796
ENSG00000138160,183.1278522,2.303965276,0.204837963,6.365837952,1.94E-10,4.01E-08
ENSG00000148926,877.1526825,2.295967761,0.370397498,3.498856679,0.000467258,0.030069634
ENSG00000163736,4999.544296,2.293570361,0.330064928,3.919139088,8.89E-05,0.007354954
ENSG00000134057,181.8264992,2.286457697,0.191843039,6.705782531,2.00E-11,4.84E-09
ENSG00000085741,32.21406246,2.282594578,0.371403919,3.453368458,0.000553632,0.034781048
ENSG00000179750,87.63215536,2.270198848,0.299762066,4.237356871,2.26E-05,0.002187737
ENSG00000011105,26.85066805,2.26972265,0.3458054,3.671783754,0.000240863,0.017542794
ENSG00000138722,254.4239513,2.268583274,0.343286885,3.695402682,0.000219539,0.016179992
ENSG00000268119,8.005723192,2.262645333,0.366260914,3.447393055,0.000566024,0.035395396
ENSG00000259772,50.95719794,2.262520974,0.207273593,6.09108451,1.12E-09,2.12E-07
ENSG00000117400,49.5303187,2.262038927,0.332573888,3.79476252,0.000147785,0.011522751
ENSG00000006327,90.49446432,2.249064115,0.373161821,3.347245202,0.00081619,0.048031063
ENSG00000164181,170.4585078,2.245455862,0.326031968,3.820042158,0.000133429,0.010590146
ENSG00000204323,134.2164848,2.242208248,0.337466767,3.680979487,0.00023234,0.016961894
ENSG00000109674,19.732501,2.234235661,0.25436362,4.852249152,1.22E-06,0.000148761
ENSG00000169247,76.61080095,2.229034419,0.291064749,4.222546433,2.42E-05,0.002329338
ENSG00000104147,12.02643723,2.228011425,0.250419081,4.903825292,9.40E-07,0.00011684
ENSG00000163430,110.9869983,2.223291038,0.35789923,3.417976169,0.000630886,0.038670207
ENSG00000188672,24.61046787,2.221730805,0.312475909,3.909839987,9.24E-05,0.007603264
ENSG00000078900,28.21159454,2.212526901,0.278330447,4.356429249,1.32E-05,0.001332952
ENSG00000188610,9.538102501,2.202454011,0.324028276,3.710953953,0.00020648,0.01532703
ENSG00000072422,193.5432637,2.199660509,0.334145024,3.590239034,0.000330375,0.022709941
ENSG00000187800,291.6287022,2.195774058,0.335194158,3.567407218,0.000360531,0.024260599
ENSG00000168268,170.7756294,2.192640537,0.247531429,4.818137803,1.45E-06,0.00017318
ENSG00000122786,68.09685642,2.192443123,0.355699821,3.35238606,0.000801182,0.047407607
ENSG00000136982,20.93658441,2.191904341,0.292540299,4.074325298,4.61E-05,0.004081324
ENSG00000051341,76.00638102,2.182255349,0.186788605,6.329376195,2.46E-10,5.01E-08
ENSG00000119326,88.37093396,2.179940043,0.223430094,5.281025588,1.28E-07,1.84E-05
ENSG00000186642,58.3419018,2.171828623,0.313563468,3.73713376,0.00018613,0.014121239
ENSG00000088053,226.0914936,2.164859134,0.331957088,3.50906541,0.000449684,0.0291814
ENSG00000169704,540.0164261,2.164393856,0.313336927,3.716107987,0.000202315,0.015053997
ENSG00000088726,203.1632382,2.163614316,0.339321579,3.429237595,0.000605279,0.037622126
ENSG00000142089,6922.681898,2.158950549,0.321289757,3.607181753,0.000309541,0.021747182
ENSG00000117724,141.1059619,2.155298167,0.192151536,6.012432625,1.83E-09,3.39E-07
ENSG00000082781,617.2171587,2.143659606,0.334385424,3.420183785,0.000625788,0.038433839
ENSG00000065534,527.832122,2.140531354,0.33785399,3.37581141,0.000735983,0.044065054
ENSG00000143228,55.5365359,2.125101435,0.189709752,5.930646271,3.02E-09,5.49E-07
ENSG00000205309,157.803726,2.120624555,0.303628418,3.690776253,0.000223571,0.016438025
ENSG00000249992,92.08597348,2.113600871,0.311869439,3.570727784,0.000355991,0.024059687
ENSG00000253234,36.44509386,2.112488589,0.309899417,3.589837628,0.000330884,0.022709941
ENSG00000213949,141.7937263,2.107843276,0.315567625,3.510636671,0.000447035,0.029070419
ENSG00000164362,8.797381325,2.102134375,0.328806895,3.351919904,0.000802532,0.047407607
ENSG00000133069,254.5571363,2.092981926,0.323466655,3.378963204,0.000727597,0.043647387
ENSG00000163737,1195.82723,2.091025074,0.305088835,3.576089805,0.000348772,0.023675186
ENSG00000136010,21.11871299,2.088785247,0.264833477,4.111207012,3.94E-05,0.003615244
ENSG00000029153,55.13790624,2.084974173,0.267553144,4.055172581,5.01E-05,0.004383538
ENSG00000158373,77.07397781,2.079064076,0.319955095,3.372548501,0.00074476,0.044504423
ENSG00000277075,35.97878177,2.078933822,0.308300484,3.499617676,0.000465926,0.030046396
ENSG00000258572,12.08739106,2.077876368,0.292593696,3.683867364,0.000229722,0.016829267
ENSG00000100479,35.4825587,2.061414625,0.240593123,4.411658199,1.03E-05,0.001065544
ENSG00000137812,86.0719474,2.049989551,0.201693391,5.20586988,1.93E-07,2.67E-05
ENSG00000169715,60.61416669,2.045910781,0.257137625,4.067513579,4.75E-05,0.004178565
ENSG00000180596,134.7094147,2.041166277,0.212607957,4.897118101,9.73E-07,0.000119934
ENSG00000121152,115.7032744,2.035176666,0.169392212,6.111123127,9.89E-10,1.89E-07
ENSG00000183160,45.84566312,2.02756097,0.300719176,3.417011794,0.000633125,0.038730756
ENSG00000273802,51.64553608,2.019559018,0.257283565,3.962783314,7.41E-05,0.00623126
ENSG00000180573,2348.597743,1.9733856,0.279175207,3.486647723,0.000489115,0.031345903
ENSG00000151725,104.673062,1.948656785,0.225726941,4.202674173,2.64E-05,0.002504617
ENSG00000249096,21.00820506,1.908102907,0.264908717,3.427984245,0.000608081,0.037720504
ENSG00000143776,54.47642175,1.883711282,0.257285755,3.434746247,0.000593109,0.037014302
ENSG00000153162,189.9455165,1.869002726,0.259454304,3.349347894,0.00081002,0.04775879
ENSG00000134690,116.1810082,1.86880177,0.175994038,4.936540912,7.95E-07,0.000100468
ENSG00000029993,125.7072305,1.863117245,0.204685442,4.216798396,2.48E-05,0.002360079
ENSG00000146410,26.89181043,1.848133287,0.219906553,3.856789509,0.000114886,0.009236835
ENSG00000183087,426.8343022,1.846472966,0.22758187,3.719421797,0.000199679,0.014907073
ENSG00000205038,65.36667258,1.845460538,0.25362161,3.33355086,0.00085745,0.049890048
ENSG00000187837,420.1853467,1.839648846,0.145741589,5.76121648,8.35E-09,1.43E-06
ENSG00000007968,324.3662464,1.806463518,0.163183072,4.942078285,7.73E-07,9.81E-05
ENSG00000124721,15.36287698,1.794451559,0.229005928,3.469130971,0.000522145,0.033308546
ENSG00000123473,87.51674812,1.793153573,0.188946036,4.197778315,2.70E-05,0.00255154
ENSG00000137807,95.31743286,1.789886592,0.212935145,3.709517237,0.000207655,0.015377386
ENSG00000189057,77.95596226,1.787400612,0.216767556,3.632465238,0.000280726,0.020068372
ENSG00000135916,1948.480377,1.771274568,0.181194952,4.256600755,2.08E-05,0.002033154
ENSG00000073111,477.3415334,1.767549111,0.161827864,4.742997237,2.11E-06,0.000247843
ENSG00000129810,32.41858827,1.76642824,0.218542518,3.506998306,0.000453192,0.029347503
ENSG00000228716,56.22272028,1.755466084,0.184949986,4.084704745,4.41E-05,0.003978091
ENSG00000138778,82.65244038,1.733301455,0.189627164,3.867069679,0.000110151,0.008942295
ENSG00000184678,797.1937728,1.726187917,0.214791687,3.380893959,0.000722504,0.04342601
ENSG00000076382,279.4500264,1.715616668,0.189778691,3.770795678,0.000162728,0.012498954
ENSG00000149554,76.33521418,1.700168444,0.192042503,3.64590356,0.000266454,0.019180963
ENSG00000140451,68.8405908,1.665419031,0.168845437,3.940995052,8.11E-05,0.006788488
ENSG00000164087,92.33646655,1.641766883,0.154945578,4.141885746,3.44E-05,0.003211589
ENSG00000104738,765.1814163,1.632901025,0.18081899,3.500191136,0.000464925,0.030044422
ENSG00000108641,33.38615337,1.624864981,0.159313235,3.9222415,8.77E-05,0.007280331
ENSG00000080986,138.4390653,1.606832534,0.169171746,3.587079683,0.000334402,0.022850076
ENSG00000097021,268.3982322,1.594335041,0.144450791,4.114446439,3.88E-05,0.003586133
ENSG00000160957,190.7510366,1.587416053,0.162533544,3.614121985,0.000301367,0.021249474
ENSG00000017483,568.7783512,1.57793269,0.126741779,4.559922512,5.12E-06,0.00056774
ENSG00000077152,80.63248113,1.569153171,0.157412282,3.615684658,0.000299555,0.021169911
ENSG00000236783,2.724376926,-3.147526577,0.588565584,-3.64874644,0.000263523,0.019014201
ENSG00000204388,152.3051509,-2.838714082,0.537053225,-3.42370923,0.000617727,0.038014145
ENSG00000144290,61.19445419,-2.813650149,0.393985455,-4.603342903,4.16E-06,0.000467983
ENSG00000154736,21.72096692,-2.609701677,0.39489932,-4.076233097,4.58E-05,0.004071264
ENSG00000226321,48.8382078,-2.344616658,0.379384845,-3.544202348,0.000393803,0.026102301
ENSG00000157445,107.2081235,-2.276782787,0.214785404,-5.944457887,2.77E-09,5.10E-07
ENSG00000213557,19.58674203,-2.182867089,0.298160849,-3.967211295,7.27E-05,0.006133322
ENSG00000152207,193.5548466,-1.91964663,0.22892149,-4.017301438,5.89E-05,0.00504768