row,baseMean,log2FoldChange,lfcSE,stat,pvalue,padj,symbol
ENSG00000134954,131.1460369,-10.45313883,1.194145955,-8.753652583,2.07E-18,5.26E-17,ETS1
ENSG00000175793,83.06928667,-9.794875867,1.202483397,-8.145539382,3.78E-16,8.36E-15,SFN
ENSG00000156802,78.57613624,-9.714241273,1.208363043,-8.039174424,9.04E-16,1.95E-14,ATAD2
ENSG00000134107,77.31832299,-9.690645497,1.212980295,-7.989120296,1.36E-15,2.85E-14,BHLHE40
ENSG00000204197,66.75631657,-9.478924157,1.210601931,-7.829926516,4.88E-15,9.89E-14,KIFC1
ENSG00000144583,49.38444637,-9.046241022,1.217960317,-7.427369265,1.11E-13,1.97E-12,Mar-04
ENSG00000168938,43.56967389,-8.865758416,1.229214974,-7.212536945,5.49E-13,8.85E-12,PPIC
ENSG00000140632,41.13141297,-8.779543462,1.226325621,-7.15922697,8.11E-13,1.30E-11,GLYR1
ENSG00000133131,33.39090521,-8.481978657,1.236515506,-6.859581311,6.91E-12,9.54E-11,MORC4
ENSG00000169991,32.60891459,-8.443012188,1.243422507,-6.790139426,1.12E-11,1.50E-10,IFFO2
ENSG00000013588,32.08258868,-8.421394376,1.253801989,-6.716686089,1.86E-11,2.47E-10,GPRC5A
ENSG00000163378,25.27827169,-8.080033779,1.258767666,-6.419003282,1.37E-10,1.60E-09,EOGT
ENSG00000170471,24.73757196,-8.044424125,1.263140791,-6.368588664,1.91E-10,2.18E-09,RALGAPB
ENSG00000129625,44.90223905,-7.939767007,1.224080618,-6.486310533,8.80E-11,1.06E-09,REEP5
ENSG00000087111,41.31040648,-7.821100329,1.220114936,-6.410134077,1.45E-10,1.69E-09,PIGS
ENSG00000038358,20.82723737,-7.802270655,1.273112645,-6.12849985,8.87E-10,9.32E-09,EDC4
ENSG00000020577,20.05274387,-7.742702617,1.273993905,-6.077503657,1.22E-09,1.26E-08,SAMD4A
ENSG00000100393,16.05302557,-7.425735145,1.299243569,-5.715429593,1.09E-08,1.01E-07,EP300
ENSG00000166025,16.06554854,-7.420738402,1.311321594,-5.658976741,1.52E-08,1.40E-07,AMOTL1
ENSG00000140694,14.81196021,-7.306991518,1.304679482,-5.600602766,2.14E-08,1.92E-07,PARN
ENSG00000174607,13.37625923,-7.168195116,1.397027206,-5.131034733,2.88E-07,2.14E-06,UGT8
ENSG00000072042,13.45267208,-7.165963722,1.353172326,-5.295677118,1.19E-07,9.51E-07,RDH11
ENSG00000092847,12.8467606,-7.10490939,1.326572412,-5.355839851,8.52E-08,6.97E-07,AGO1
ENSG00000087095,11.59550984,-6.956405289,1.365063705,-5.096029778,3.47E-07,2.55E-06,NLK
ENSG00000142864,11.51089037,-6.944765334,1.362935674,-5.095446152,3.48E-07,2.56E-06,SERBP1
ENSG00000144597,11.09903867,-6.894326371,1.350039,-5.106760895,3.28E-07,2.42E-06,EAF1
ENSG00000119537,10.95462862,-6.880796151,1.408506307,-4.88517241,1.03E-06,7.04E-06,KDSR
ENSG00000023516,10.87168176,-6.859961803,1.351438064,-5.076046017,3.85E-07,2.81E-06,AKAP11
ENSG00000197417,10.74018997,-6.847890831,1.355940281,-5.050289402,4.41E-07,3.16E-06,SHPK
ENSG00000186687,10.80879953,-6.845396044,1.381747216,-4.954159461,7.26E-07,5.05E-06,LYRM7
ENSG00000073050,8.766126823,-6.553068114,1.414673694,-4.632211755,3.62E-06,2.24E-05,XRCC1
ENSG00000055332,8.823535282,-6.550420691,1.450401187,-4.516281943,6.29E-06,3.75E-05,EIF2AK2
ENSG00000198947,8.4908819,-6.506978467,1.394369951,-4.666608359,3.06E-06,1.93E-05,DMD
ENSG00000054793,8.374645949,-6.482098704,1.399553204,-4.631548616,3.63E-06,2.24E-05,ATP9A
ENSG00000122565,41.73304678,-6.407456801,1.010138932,-6.343144096,2.25E-10,2.54E-09,CBX3
ENSG00000070831,7.339550999,-6.297906107,1.429427972,-4.405892586,1.05E-05,6.06E-05,CDC42
ENSG00000134779,6.832894428,-6.199297669,1.503555908,-4.123090892,3.74E-05,0.000200522,TPGS2
ENSG00000013288,23.74238094,-6.138688865,1.098130283,-5.590128022,2.27E-08,2.03E-07,MAN2B2
ENSG00000166750,6.335012275,-6.077769035,1.471025414,-4.131654678,3.60E-05,0.000193532,SLFN5
ENSG00000099940,11.82595398,-5.982976859,1.355505922,-4.413833064,1.02E-05,5.86E-05,SNAP29
ENSG00000185551,5.782805262,-5.948536644,1.48757005,-3.998827916,6.37E-05,0.000328859,NR2F2
ENSG00000144791,5.410022598,-5.854464671,1.509609171,-3.878132686,0.000105261,0.000526136,LIMD1
ENSG00000148677,10.51235766,-5.829373905,1.360414854,-4.284997247,1.83E-05,0.000102488,ANKRD1
ENSG00000213923,81.11382778,-5.778793629,0.546728005,-10.56977798,4.11E-26,1.86E-24,CSNK1E
ENSG00000205302,10.0762087,-5.758399227,1.397946912,-4.119183053,3.80E-05,0.000203598,SNX2
ENSG00000090776,5.051173898,-5.757256854,1.551299865,-3.711246924,0.000206241,0.000970972,EFNB1
ENSG00000147883,4.555673869,-5.5970342,1.669256424,-3.353010429,0.000799377,0.003380881,CDKN2B
ENSG00000130844,4.36743054,-5.542117034,1.578682564,-3.510596216,0.000447103,0.00198935,ZNF331
ENSG00000179820,4.218256239,-5.498949097,1.590843984,-3.45662375,0.000546988,0.002395698,MYADM
ENSG00000008838,8.031331758,-5.451989982,1.415307101,-3.85216041,0.00011708,0.000579566,MED24
ENSG00000154319,3.922595938,-5.385102957,1.626217243,-3.311429011,0.000928208,0.003867323,FAM167A
ENSG00000115194,3.806359988,-5.334020386,1.741419581,-3.063029981,0.002191081,0.008464666,SLC30A3
ENSG00000074855,3.6381813,-5.290934776,1.68800988,-3.134421688,0.001721932,0.006797217,ANO8
ENSG00000132507,3.648366708,-5.286618936,1.644261572,-3.215193388,0.001303567,0.005288118,EIF5A
ENSG00000188811,3.648366708,-5.286618936,1.644261572,-3.215193388,0.001303567,0.005288118,NHLRC3
ENSG00000167244,3.608946944,-5.279224186,1.729909075,-3.051735066,0.002275228,0.008713218,IGF2
ENSG00000141582,3.508011386,-5.228445844,1.676162408,-3.119295493,0.001812841,0.007102883,CBX4
ENSG00000141867,3.455008395,-5.210088745,1.670309329,-3.119235854,0.001813208,0.007102883,BRD4
ENSG00000020129,11.73222606,-5.197786513,1.192581494,-4.358432978,1.31E-05,7.46E-05,NCDN
ENSG00000146592,12.15615317,-5.172384376,1.164630119,-4.44122498,8.94E-06,5.23E-05,CREB5
ENSG00000067082,3.280348292,-5.144035194,2.088952573,-2.462494965,0.013797411,0.043041772,KLF6
ENSG00000113761,3.163096648,-5.081321346,1.706223411,-2.978110202,0.002900317,0.01083747,ZNF346
ENSG00000151466,3.146780562,-5.066012896,1.767607338,-2.866028436,0.004156569,0.0148642,SCLT1
ENSG00000167601,3.080859301,-5.048043954,1.731502349,-2.915412709,0.003552185,0.012989521,AXL
ENSG00000011454,3.036675289,-5.01993373,1.729788726,-2.902050206,0.003707291,0.013429117,GPR21
ENSG00000160124,2.927936447,-4.974342895,1.760149846,-2.826090577,0.004711994,0.016524179,CCDC58
ENSG00000164916,2.885118865,-4.946172196,1.758750626,-2.812321498,0.004918531,0.017189737,FOXK1
ENSG00000054523,10.27319091,-4.921213068,1.197306728,-4.110235875,3.95E-05,0.000210552,KIF1B
ENSG00000134369,2.81681548,-4.916096613,1.762025302,-2.790026118,0.005270379,0.018274208,NAV1
ENSG00000204147,2.776380022,-4.898121039,1.787294449,-2.740522717,0.006134154,0.020939092,ASAH2B
ENSG00000132669,2.591840687,-4.78874341,1.832613914,-2.613067255,0.008973364,0.029676679,RIN2
ENSG00000152495,2.512336201,-4.750833778,1.859937678,-2.554297294,0.010640236,0.03426913,CAMK4
ENSG00000068400,4.933036365,-4.716368944,1.523014597,-3.096732593,0.001956663,0.007616391,GRIPAP1
ENSG00000182841,2.454218226,-4.709150317,1.863783419,-2.526661772,0.011515234,0.036855931,RRP7BP
ENSG00000169047,2.289743532,-4.62103291,1.911084133,-2.41801647,0.01560537,0.048048936,IRS1
ENSG00000170175,2.24692595,-4.585166148,1.885479307,-2.431830533,0.015022734,0.046394181,CHRNB1
ENSG00000131089,4.11279055,-4.457245302,1.556663907,-2.863331822,0.004192113,0.014956565,ARHGEF9
ENSG00000159692,8.803508032,-4.234543531,1.14953558,-3.683699405,0.000229873,0.001074021,CTBP1
ENSG00000261115,4.80725961,-3.905827892,1.462337684,-2.670947985,0.007563737,0.025396669,TMEM178B
ENSG00000272405,7.654330281,-3.5599902,1.062725031,-3.349869528,0.000808496,0.003410082,IFT88
ENSG00000141905,3.869598089,-3.508693505,1.424033397,-2.463912372,0.013742971,0.042915422,NFIC
ENSG00000166002,8.410912296,-3.339540883,0.975494531,-3.423433732,0.000618353,0.002659092,SMCO4
ENSG00000074416,7.722507589,-2.643784671,0.958733266,-2.757581035,0.005823078,0.020077555,MGLL
ENSG00000122641,149.6348375,-2.038212246,0.207910668,-9.803307677,1.09E-22,3.90E-21,INHBA
ENSG00000187678,28.87851256,-2.011238684,0.45355917,-4.434346864,9.24E-06,5.39E-05,SPRY4
ENSG00000257103,60.1573888,-1.950462671,0.346571143,-5.627885394,1.82E-08,1.66E-07,HSPA4
ENSG00000117877,10.21428288,-1.94874594,0.780060804,-2.498197486,0.012482663,0.039460082,CD3EAP
ENSG00000213639,30.98870357,-1.684472936,0.453123847,-3.717466974,0.00020123,0.000951748,PPP1CB
ENSG00000176788,24.14878691,-1.656349507,0.476085695,-3.479099507,0.000503102,0.002225647,BASP1
ENSG00000179295,131.7569829,-1.508975919,0.212571754,-7.098666159,1.26E-12,1.97E-11,PTPN11
ENSG00000183474,28.71195985,-1.368667932,0.477785683,-2.864606414,0.004175278,0.014913784,GTF2H2C
ENSG00000113300,34.56564126,-1.210056015,0.408885328,-2.959401892,0.003082368,0.011475952,CNOT6
ENSG00000075413,89.87063149,-1.048666653,0.306855349,-3.417462514,0.000632078,0.002714321,MARK3
ENSG00000105281,346.1328828,0.554844995,0.137140047,4.045827656,5.21E-05,0.000273018,SLC1A5
ENSG00000165476,48.18451345,0.81282284,0.331039147,2.455367737,0.014074053,0.043860334,REEP3
ENSG00000075624,709.307976,0.850356822,0.14783121,5.752214464,8.81E-09,8.27E-08,ACTB
ENSG00000100106,74.95377196,1.051096977,0.285381188,3.683133374,0.000230385,0.001074259,SELE
ENSG00000137710,123.8441631,1.429245466,0.232082461,6.158351897,7.35E-10,7.86E-09,RDX
ENSG00000102908,17.59319069,1.753773775,0.676800214,2.591272488,0.009562174,0.031321208,NFAT5
ENSG00000197183,13.43111235,1.863425794,0.732395285,2.544289721,0.010950022,0.035181919,BCLAF1
ENSG00000197081,177.7222598,1.912018525,0.187243856,10.21138189,1.76E-24,7.44E-23,IGF2R
ENSG00000127955,15.19486406,2.288678294,0.673460329,3.398386206,0.000677847,0.002894715,GNAI1
ENSG00000173068,12.09409534,2.360134629,0.731582941,3.226065696,0.001255045,0.005125046,BNC2
ENSG00000111331,200.4493251,2.481899312,0.194811736,12.73998865,3.54E-37,9.09E-35,OAS3
ENSG00000267368,13.01614989,2.724344464,0.709969486,3.837269793,0.00012441,0.000609964,UPK3BL1
ENSG00000128510,20.97462198,2.755702815,0.894910688,3.079304842,0.002074843,0.008035774,CPA4
ENSG00000137801,18.44337314,2.756295949,0.618900301,4.4535379,8.45E-06,4.95E-05,THBS1
ENSG00000157064,19.58420293,2.859633038,0.601648419,4.752996846,2.00E-06,1.30E-05,NMNAT2
ENSG00000085117,8.432145168,2.890568211,0.945193006,3.058177738,0.002226875,0.008570683,CD82
ENSG00000086062,15.78154359,2.953959037,0.764523704,3.863789992,0.000111641,0.000554425,B4GALT1
ENSG00000162869,9.664254854,2.966656261,0.864558005,3.431413789,0.000600444,0.002589309,PPP1R21
ENSG00000175984,7.182813423,2.983894792,1.039271665,2.871140332,0.004089939,0.01465998,DENND2C
ENSG00000123159,7.668506384,3.037643873,1.045152021,2.906413433,0.00365598,0.013274486,GIPC1
ENSG00000179627,9.168056825,3.053661025,0.956606942,3.192179451,0.001412036,0.005690652,ZBTB42
ENSG00000135046,12.11246758,3.140607772,0.924466263,3.39721188,0.000680762,0.00290314,ANXA1
ENSG00000177570,8.027317113,3.219994175,1.139017139,2.826993612,0.004698727,0.016496441,SAMD12
ENSG00000138395,10.25331287,3.250231163,0.875743365,3.711396847,0.000206119,0.000970972,CDK15
ENSG00000177409,5.95165562,3.547478311,1.200001905,2.956227232,0.003114276,0.011566773,SAMD9L
ENSG00000171992,40.50059357,3.63819669,0.466700741,7.79556656,6.41E-15,1.27E-13,SYNPO
ENSG00000167258,8.265539918,3.639066558,1.02903685,3.536381188,0.000405649,0.001812762,CDK12
ENSG00000156273,72.94627854,3.723740232,0.537170324,6.932140632,4.15E-12,5.88E-11,BACH1
ENSG00000064666,4.788698118,3.793470968,1.401269888,2.707166551,0.00678602,0.02291026,CNN2
ENSG00000119669,14.49430232,3.882531153,0.901413258,4.307160025,1.65E-05,9.29E-05,IRF2BPL
ENSG00000124766,9.159985962,4.138669113,1.08597905,3.811002718,0.000138404,0.000673217,SOX4
ENSG00000092841,3.439071794,4.217870549,1.703718845,2.475684624,0.013298099,0.041780455,MYL6
ENSG00000134247,3.403473547,4.256405143,1.638410094,2.597887524,0.009379921,0.030816695,PTGFRN
ENSG00000162889,6.143328905,4.260262774,1.559608944,2.73162243,0.006302332,0.02141819,MAPKAPK2
ENSG00000204176,6.352308808,4.316763521,1.384359603,3.118238578,0.001819355,0.007117907,SYT15
ENSG00000150394,3.847056926,4.404346387,1.607629493,2.739652642,0.006150415,0.020971348,CDH8
ENSG00000172728,10.4256577,4.411397883,1.111292609,3.969609667,7.20E-05,0.000368204,FUT10
ENSG00000156508,11.5901342,4.507137386,1.045600039,4.310574997,1.63E-05,9.17E-05,EEF1A1
ENSG00000103342,12.04184052,4.542581073,1.071271872,4.240362499,2.23E-05,0.000123359,GSPT1
ENSG00000171552,2.162081447,4.606131584,1.907788133,2.414383182,0.015761876,0.04838566,BCL2L1
ENSG00000226171,2.201396901,4.630216752,1.911697651,2.422044485,0.015433461,0.047567194,DHX16
ENSG00000197915,2.226667011,4.638886226,1.908646005,2.430459191,0.015079704,0.046523456,HRNR
ENSG00000115461,2.240712356,4.654233064,1.930083535,2.41141535,0.01589074,0.048635774,IGFBP5
ENSG00000132975,2.291056263,4.662417826,1.930503235,2.415130802,0.01572956,0.048382932,GPR12
ENSG00000158062,2.240908667,4.663876074,1.887249727,2.471255398,0.013463962,0.042086843,UBXN11
ENSG00000088538,2.215834868,4.66498621,1.914690959,2.436417317,0.01483356,0.046032144,DOCK3
ENSG00000153487,2.280224121,4.6868455,1.874341255,2.500529446,0.012400782,0.03924153,ING1
ENSG00000165949,2.330568029,4.695406603,1.928681559,2.434516253,0.01491171,0.046143875,IFI27
ENSG00000167858,2.294269466,4.701074951,1.951799171,2.408585382,0.01601448,0.048917246,TEKT1
ENSG00000225929,2.294269466,4.701074951,1.951799171,2.408585382,0.01601448,0.048917246,LOC105373100
ENSG00000164893,2.344613374,4.708806047,1.903102289,2.47427901,0.013350539,0.041902456,SLC7A13
ENSG00000165182,2.269391979,4.70949885,1.951256604,2.413572279,0.015796994,0.048396961,CXorf58
ENSG00000176281,2.269391979,4.70949885,1.951256604,2.413572279,0.015796994,0.048396961,OR4K5
ENSG00000158246,2.294465777,4.710945745,1.886041743,2.497795058,0.012496842,0.039464386,TENT5B
ENSG00000199331,2.344809685,4.717832076,1.880751739,2.508482102,0.012125111,0.038567373,RGN
ENSG00000175065,2.394957281,4.718987149,1.939379522,2.433245837,0.014964137,0.046259616,DSG4
ENSG00000156500,2.308707433,4.732000947,1.942722708,2.435757263,0.014860653,0.046032144,FAM122C
ENSG00000175764,2.308707433,4.732000947,1.942722708,2.435757263,0.014860653,0.046032144,TTLL11
ENSG00000168000,2.333781231,4.733149014,1.884235011,2.511973817,0.0120058,0.038346325,BSCL2
ENSG00000175309,2.333977542,4.742079635,1.8936603,2.504187069,0.012273312,0.038918155,PHYKPL
ENSG00000131634,2.348022887,4.753955687,1.940770944,2.449519199,0.014304708,0.044534072,TMEM204
ENSG00000063601,2.423440593,4.761582104,1.851237148,2.572108122,0.010108132,0.032830103,MTMR1
ENSG00000181754,2.423440593,4.761582104,1.851237148,2.572108122,0.010108132,0.032830103,AMIGO1
ENSG00000196642,2.398366795,4.763288052,1.846483917,2.57965315,0.009889959,0.032223476,RABL6
ENSG00000029363,2.373292996,4.76430591,1.873269956,2.543309839,0.010980781,0.035181919,LRRC3B
ENSG00000179796,2.373292996,4.76430591,1.873269956,2.543309839,0.010980781,0.035181919,SCN10A
ENSG00000185313,2.373292996,4.76430591,1.873269956,2.543309839,0.010980781,0.035181919,NOL4L
ENSG00000130988,2.448710703,4.771252171,1.901899781,2.508676965,0.012118425,0.038567373,THAP6
ENSG00000073417,2.41241214,4.776492833,1.904910348,2.507463324,0.01216012,0.038598979,PDE8A
ENSG00000189319,2.462756047,4.783460194,1.856249651,2.576948737,0.009967673,0.032442353,FAM53B
ENSG00000088448,2.488026157,4.791706293,1.863674621,2.571106693,0.010137409,0.032855876,ANKRD10
ENSG00000132670,2.488026157,4.791706293,1.863674621,2.571106693,0.010137409,0.032855876,PTPRA
ENSG00000153786,2.43787856,4.793647493,1.870720847,2.562460082,0.010393353,0.033543315,ZDHHC7
ENSG00000184895,2.502071502,4.805525683,1.87561616,2.562105075,0.010403984,0.033543315,SRY
ENSG00000035681,2.451923905,4.807066003,1.856562244,2.589229647,0.009619092,0.03147416,NSMAF
ENSG00000137809,23.09792543,4.808693159,0.787530062,6.106043937,1.02E-09,1.07E-08,ITGA11
ENSG00000153029,2.516313157,4.827013463,1.857074088,2.599257344,0.00934257,0.030765534,MR1
ENSG00000160256,2.516313157,4.827013463,1.857074088,2.599257344,0.00934257,0.030765534,FAM207A
ENSG00000170571,2.491239359,4.827806164,1.858573401,2.597587032,0.009388133,0.030816695,EMB
ENSG00000143178,2.466361872,4.833478098,1.927161078,2.508082045,0.012138848,0.03857122,TBX19
ENSG00000131050,2.541583267,4.834158677,1.820160007,2.655897646,0.007909762,0.026388744,BPIFA2
ENSG00000160211,2.58070241,4.850973446,1.983924719,2.445139878,0.014479597,0.04503301,G6PD
ENSG00000164932,2.580898721,4.8547538,1.819622292,2.668000837,0.007630407,0.025564769,CTHRC1
ENSG00000067715,2.555824923,4.856280599,1.814034967,2.677060083,0.007427131,0.024989291,SYT1
ENSG00000151502,2.530751124,4.857122171,1.840007192,2.639729993,0.00829721,0.027558911,VPS26B
ENSG00000184856,2.530947436,4.863389854,1.892107633,2.570355813,0.010159411,0.032892561,LINC00308
ENSG00000011007,2.620214175,4.875380258,1.829597784,2.664727899,0.007705064,0.025786839,ELOA
ENSG00000185267,2.570066579,4.877320099,1.83301124,2.660823891,0.007794972,0.026059411,CDNF
ENSG00000147679,2.57026289,4.884565256,1.85938443,2.626979756,0.008614646,0.02858243,UTP23
ENSG00000100558,2.584504546,4.901598464,1.91101771,2.564915248,0.010320101,0.033342698,PLEK2
ENSG00000133606,2.659725941,4.903337802,1.794331723,2.732681889,0.006282097,0.021373014,MKRN1
ENSG00000175745,2.659725941,4.903337802,1.794331723,2.732681889,0.006282097,0.021373014,NR2F1
ENSG00000153060,2.68499605,4.911904494,1.859346747,2.641736675,0.008248216,0.027425762,TEKT5
ENSG00000226828,2.623623689,4.91488881,1.892377521,2.597203124,0.009398633,0.030818307,LOC339529
ENSG00000145623,2.673771286,4.916129072,1.836612574,2.67673713,0.007434294,0.024989291,OSMR
ENSG00000269163,2.62382,4.921868363,1.893931677,2.598757085,0.009356196,0.030777485,NA
ENSG00000134531,2.724115193,4.922390493,1.815965744,2.710618583,0.006715783,0.022698019,EMP1
ENSG00000174327,2.699041395,4.922853802,1.789423725,2.751083343,0.005939853,0.020434421,SLC16A13
ENSG00000131126,2.673967597,4.924416444,1.791433274,2.748869587,0.005980117,0.020486226,TEX101
ENSG00000172572,2.673967597,4.924416444,1.791433274,2.748869587,0.005980117,0.020486226,PDE3A
ENSG00000047597,2.749385303,4.930491035,1.830318466,2.69378861,0.007064495,0.023824295,XK
ENSG00000013563,2.688012941,4.935766643,1.848450559,2.670218372,0.007580193,0.025424199,DNASE1L1
ENSG00000153832,2.713479362,4.95149262,1.806408897,2.741069659,0.006123952,0.020927468,FBXO36
ENSG00000224609,2.752991127,4.976108313,1.873632885,2.655860896,0.007910624,0.026388744,HSD52
ENSG00000048052,2.791913959,4.981343556,1.80075892,2.766246776,0.005670561,0.019595573,HDAC9
ENSG00000134077,2.766840161,4.981810691,1.811466091,2.750153987,0.005956726,0.020469599,THUMPD3
ENSG00000179588,2.842257867,4.986992521,1.780792586,2.800434234,0.005103391,0.017775271,ZFPM1
ENSG00000172828,2.867331665,4.988670489,1.82909413,2.72739954,0.006383569,0.021646486,CES3
ENSG00000133216,2.79211027,4.989437751,1.772098233,2.815553709,0.004869326,0.017037107,EPHB2
ENSG00000141946,2.831425725,5.007824727,1.765823134,2.835971865,0.004568647,0.016076416,ZIM3
ENSG00000178177,2.831425725,5.007824727,1.765823134,2.835971865,0.004568647,0.016076416,LCORL
ENSG00000132357,2.831622036,5.015042123,1.792285221,2.798127253,0.005139986,0.017862321,CARD6
ENSG00000134548,2.831622036,5.015042123,1.792285221,2.798127253,0.005139986,0.017862321,SPX
ENSG00000186393,2.870741179,5.025931613,1.765874254,2.846143548,0.004425224,0.015679246,TMBIM1
ENSG00000227508,2.870741179,5.025931613,1.765874254,2.846143548,0.004425224,0.015679246,ANKRD31
ENSG00000183826,2.946158885,5.031001711,1.779461755,2.827260377,0.004694814,0.016496441,BTBD9
ENSG00000145700,2.910056633,5.043831852,1.771715887,2.846862688,0.00441524,0.015679246,KRT26
ENSG00000170579,2.960400541,5.049074794,1.752345866,2.881323198,0.003960093,0.014244308,DLGAP1
ENSG00000178093,2.960400541,5.049074794,1.752345866,2.881323198,0.003960093,0.014244308,TSSK6
ENSG00000185085,2.910252944,5.051597398,1.755407177,2.877735414,0.004005409,0.014390496,INTS5
ENSG00000162894,2.924101978,5.053949653,1.879628539,2.68880236,0.007170886,0.024156628,FCMR
ENSG00000043143,3.010548138,5.054288266,1.860483944,2.716652451,0.006594582,0.022337422,JADE2
ENSG00000147874,2.924298289,5.061758198,1.793953869,2.821565418,0.004778989,0.016740053,HAUS6
ENSG00000247317,2.974642197,5.067952213,1.740001351,2.912613953,0.003584174,0.013044529,GLIS1
ENSG00000175147,3.024789793,5.06876464,1.805652458,2.807165143,0.004997961,0.017427772,TMEM51-AS1
ENSG00000134042,2.949568398,5.069267775,1.747145618,2.901456939,0.003714318,0.013438761,MRO
ENSG00000199169,2.988883853,5.086634638,1.744678129,2.915514646,0.003551024,0.012989521,MIR367
ENSG00000186187,3.014153962,5.09297564,1.737863699,2.93059556,0.003383129,0.012430376,ZNRF1
ENSG00000134827,2.97805171,5.101056058,1.837344662,2.776319634,0.005497813,0.019019962,TCN1
ENSG00000163394,3.053273105,5.102947627,1.754599369,2.908326378,0.003633689,0.013209124,CCKAR
ENSG00000067167,3.078543215,5.108736427,1.72843166,2.955706347,0.003119539,0.011572364,TRAM1
ENSG00000156671,3.00332182,5.110408172,1.778480742,2.873468378,0.004059917,0.01456933,SAMD8
ENSG00000089818,3.028395618,5.111121941,1.740891717,2.935921799,0.003325581,0.012292275,NECAP1
ENSG00000160993,3.028395618,5.111121941,1.740891717,2.935921799,0.003325581,0.012292275,ALKBH4
ENSG00000153233,3.092784871,5.126990724,1.719338456,2.981955475,0.002864137,0.010741384,PTPRR
ENSG00000158077,3.092784871,5.126990724,1.719338456,2.981955475,0.002864137,0.010741384,NLRP14
ENSG00000156587,3.056682619,5.135039275,1.835931288,2.796967027,0.00515848,0.01790638,UBE2L6
ENSG00000094804,3.081756417,5.137452922,1.779250972,2.887424541,0.003884098,0.01402009,CDC6
ENSG00000131059,3.05687893,5.141113943,1.829552505,2.810039028,0.004953549,0.017292492,BPIFA3
ENSG00000013810,3.143325089,5.14215601,1.874103043,2.743795775,0.006073331,0.02077754,TACC3
ENSG00000053770,3.081952728,5.144652221,1.758346834,2.925846096,0.003435208,0.012606682,AP5M1
ENSG00000175785,3.107026527,5.144866215,1.726532431,2.979883913,0.002883576,0.010788009,PRIMA1
ENSG00000134256,3.207518031,5.149709081,1.756357557,2.932039129,0.003367443,0.012402342,CD101
ENSG00000130962,3.157370434,5.149761657,1.718537847,2.996594847,0.002730133,0.010324355,PRRG1
ENSG00000141577,3.132492947,5.15624218,1.81588571,2.839519112,0.004518159,0.015990128,CEP131
ENSG00000100345,3.246833485,5.167049983,1.762829503,2.931111587,0.003377514,0.012424572,MYH9
ENSG00000007376,3.17161209,5.167468096,1.709534286,3.0227344,0.00250502,0.009522168,RPUSD1
ENSG00000162426,3.17161209,5.167468096,1.709534286,3.0227344,0.00250502,0.009522168,SLC45A1
ENSG00000158636,3.146538292,5.168220889,1.728189625,2.990540398,0.002784843,0.010482312,EMSY
ENSG00000156463,3.1968822,5.173591067,1.754616519,2.94855942,0.003192588,0.011829094,SH3RF2
ENSG00000182568,3.210731233,5.176999149,1.739552895,2.976051584,0.002919857,0.010897262,SATB1
ENSG00000170270,3.261075141,5.182294182,1.729567395,2.996295026,0.002732819,0.010324355,GON7
ENSG00000225849,3.150144117,5.185796245,2.085499422,2.486596827,0.012897147,0.040645153,MKRN7P
ENSG00000056291,3.28634525,5.189023117,1.739543264,2.982980202,0.002854565,0.010731629,NPFFR2
ENSG00000180228,3.211123856,5.190321589,1.73458572,2.992254306,0.002769255,0.010436396,PRKRA
ENSG00000152377,3.311419049,5.190830528,1.769632439,2.933281744,0.003353994,0.012367601,SPOCK1
ENSG00000175143,3.311419049,5.190830528,1.769632439,2.933281744,0.003353994,0.012367601,OR2T1
ENSG00000033178,3.275316797,5.198770998,1.709866944,3.040453538,0.002362221,0.00902392,UBA6
ENSG00000172638,3.300390595,5.199410439,1.744228252,2.980923187,0.002873809,0.010764546,EFEMP2
ENSG00000131969,3.250242999,5.199788159,1.699727616,3.059189078,0.00221937,0.008552492,ABHD12B
ENSG00000144031,3.289558453,5.2157247,1.703286334,3.062153789,0.002197505,0.008478845,ANKRD53
ENSG00000020426,3.27872631,5.232001384,1.738858819,3.008870719,0.002622207,0.009943072,MNAT1
ENSG00000134612,3.303800109,5.232292779,1.712135994,3.056003026,0.00224309,0.008622314,FOLH1B
ENSG00000179387,3.354144017,5.236988909,1.6857004,3.106713927,0.001891794,0.007373206,ELMOD2
ENSG00000011347,3.30399642,5.239007342,1.704739358,3.073201377,0.002117755,0.008191669,SYT7
ENSG00000182348,3.365368781,5.241032147,2.076578657,2.523878462,0.011606805,0.037110439,ZNF804B
ENSG00000051180,3.368385672,5.253768313,1.682439925,3.122707821,0.001791955,0.007037539,RAD51
ENSG00000131142,3.343311874,5.254604924,1.69723043,3.09598793,0.001961583,0.007620858,CCL25
ENSG00000131828,3.332283421,5.25986986,1.805196325,2.913738404,0.00357129,0.013043894,PDHA1
ENSG00000155975,3.346721388,5.268852528,2.015583111,2.614058681,0.008947367,0.029622519,VPS37A
ENSG00000132329,3.407897438,5.275676511,1.68427172,3.13231912,0.001734313,0.006828578,RAMP1
ENSG00000030582,3.396672673,5.277770442,1.755116299,3.007077335,0.002637726,0.009989619,GRN
ENSG00000177885,3.47228669,5.289611577,1.668779171,3.16974928,0.001525705,0.006053668,GRB2
ENSG00000134780,3.41111064,5.296044842,1.790928085,2.957151036,0.00310496,0.011546101,DAGLA
ENSG00000198300,3.550917599,5.319522225,1.67103814,3.183363741,0.001455746,0.005836253,PEG3
ENSG00000184863,3.576187708,5.324784057,1.665728899,3.196669074,0.001390243,0.005617531,RBM33
ENSG00000091428,3.565159255,5.33517162,1.669701447,3.195284779,0.001396929,0.00563715,RAPGEF4
ENSG00000166402,3.604474709,5.349695192,1.677400769,3.189276702,0.001426293,0.005740596,TUB
ENSG00000136243,3.579400911,5.350214275,1.682480323,3.179956522,0.001472972,0.005882334,NUP42
ENSG00000036549,3.604867331,5.361499137,1.682948494,3.185777316,0.001443657,0.005795331,ZZZ3
ENSG00000136319,3.769551777,5.37791205,1.730200162,3.108260055,0.001881924,0.007353355,TTC5
ENSG00000159167,3.633154332,5.383812597,1.701853262,3.163499883,0.001558844,0.006177196,STC1
ENSG00000224574,3.733253214,5.384412814,1.856457879,2.900368963,0.003727236,0.013469672,COL18A1-AS2
ENSG00000172785,3.722617383,5.398347172,1.65811494,3.255713486,0.001131078,0.004643453,CBWD1
ENSG00000180185,3.697543584,5.398819082,1.667737999,3.237210571,0.001207043,0.004935572,FAHD1
ENSG00000131196,3.798035089,5.402474055,1.664723491,3.245268109,0.001173401,0.00480439,NFATC1
ENSG00000200957,3.672862408,5.405607683,1.746294505,3.095473111,0.001964992,0.007620858,SLC16A1-AS1
ENSG00000172809,3.7982314,5.408064906,1.658136391,3.261532004,0.001108119,0.004555273,RPL38
ENSG00000162441,3.71178524,5.411703075,1.700655774,3.182127247,0.001461976,0.005853606,LZIC
ENSG00000169876,3.812276745,5.416469047,1.646946649,3.288794479,0.001006175,0.004169599,MUC17
ENSG00000161677,3.787202946,5.417225239,1.63509319,3.313098771,0.000922684,0.00385474,JOSD2
ENSG00000172771,3.737251661,5.423084932,1.683257407,3.22177993,0.001273969,0.005188561,EFCAB12
ENSG00000145996,55.92015578,5.426150711,0.587271311,9.239597802,2.47E-20,7.12E-19,CDKAL1
ENSG00000139132,3.826518401,5.430991694,1.638794322,3.314016665,0.00091966,0.003847329,FGD4
ENSG00000011465,3.779584006,5.439391764,1.971769294,2.758634989,0.005804333,0.020035359,DCN
ENSG00000167702,3.815489947,5.439684069,1.689730542,3.219261258,0.001285213,0.00522744,KIFC2
ENSG00000140157,3.79061246,5.44460789,1.689420869,3.222765854,0.001269593,0.005177585,NIPA2
ENSG00000132570,3.815686258,5.445812097,1.654879193,3.290761114,0.000999167,0.00414614,PCBD2
ENSG00000166783,3.866030166,5.4504119,1.623559891,3.357074741,0.000787718,0.003338658,SPHKAP
ENSG00000144560,3.941447872,5.454791582,1.65646129,3.293038971,0.000991107,0.004118245,VGLL4
ENSG00000134762,3.841152679,5.455901174,1.668925448,3.269110182,0.001078863,0.00445284,DSC3
ENSG00000134986,3.855001713,5.459133571,1.657437345,3.29371942,0.000988711,0.004113841,NREP
ENSG00000153820,3.880271822,5.464771681,1.627937945,3.356867316,0.000788309,0.003338658,MARF1
ENSG00000139737,3.855198024,5.464819505,1.649720205,3.312573543,0.000924418,0.003856753,SLAIN1
ENSG00000153015,3.980763326,5.467910617,1.647311299,3.319294063,0.000902453,0.003780482,CWC27
ENSG00000229929,3.944464763,5.472276344,1.67652883,3.264051441,0.001098312,0.004526934,C12orf65
ENSG00000172927,3.969931184,5.481763462,1.617813053,3.388378806,0.000703071,0.002989994,MYEOV
ENSG00000182362,3.983976529,5.490270531,1.62788979,3.372630361,0.000744538,0.003161977,YBEY
ENSG00000141759,4.059394235,5.49496564,1.649836986,3.330611258,0.000866555,0.003640005,TXNL4A
ENSG00000165105,4.084468033,5.498031513,1.693556811,3.246440555,0.001168578,0.004791016,RASEF
ENSG00000067840,4.123979798,5.513600129,1.653343569,3.334818142,0.000853552,0.003590282,PDZD4
ENSG00000168004,4.138221454,5.525394995,1.627167452,3.395713814,0.000684499,0.002915037,PLAAT5
ENSG00000159455,4.113147656,5.525446267,1.611907748,3.427892368,0.000608287,0.002619461,LCE2B
ENSG00000141956,4.063196371,5.531577864,1.664313393,3.323639578,0.000888509,0.00372714,PRDM15
ENSG00000174839,4.102315514,5.540040214,1.603235447,3.455537503,0.000549197,0.002398549,DENND6A
ENSG00000176029,4.102315514,5.540040214,1.603235447,3.455537503,0.000549197,0.002398549,C11orf16
ENSG00000158815,4.041139464,5.541922267,1.738029652,3.188623543,0.001429519,0.00574607,FGF17
ENSG00000156687,4.17773322,5.54383486,1.630868644,3.399314151,0.000675551,0.002888918,UNC5D
ENSG00000087085,4.152659421,5.54410972,1.626042992,3.409571424,0.00065065,0.002790185,ACHE
ENSG00000151014,8.186161791,5.550236187,1.392181196,3.98671969,6.70E-05,0.00034436,NOCT
ENSG00000136367,4.191778565,5.550948181,1.610106965,3.447564853,0.000565665,0.002456532,ZFHX2
ENSG00000162836,4.191778565,5.550948181,1.610106965,3.447564853,0.000565665,0.002456532,PHF6
ENSG00000053328,4.11655717,5.553340406,1.609663159,3.450001559,0.000560583,0.00244481,METTL24
ENSG00000152763,4.217048674,5.556012676,1.618212707,3.43342544,0.000596006,0.002577392,WDR78
ENSG00000172795,4.091679682,5.556154525,1.666102651,3.33482125,0.000853542,0.003590282,DCP2
ENSG00000179776,4.141827279,5.557722166,1.619638221,3.431459009,0.000600344,0.002589309,CDH5
ENSG00000133636,4.20602022,5.564095007,1.599612461,3.478401889,0.000504413,0.002228246,NTS
ENSG00000140691,4.180946422,5.565064253,1.596033671,3.486808803,0.000488821,0.002165581,ARMC5
ENSG00000135083,4.181142733,5.570378857,1.605203614,3.470200795,0.000520069,0.002284299,CCNJL
ENSG00000073350,4.119966683,5.571181342,1.735061454,3.210941797,0.001323007,0.005352877,LLGL2
ENSG00000175387,4.245728297,5.587128382,1.621736086,3.445152656,0.000570737,0.002475069,SMAD2
ENSG00000133027,4.259577331,5.589698678,1.602573235,3.487952099,0.000486735,0.002159449,PEMT
ENSG00000072840,4.309724927,5.590118645,1.643914214,3.400492918,0.000672645,0.002880491,EVC
ENSG00000166822,4.298892785,5.601947049,1.610763484,3.477820987,0.000505507,0.002229881,TMEM170A
ENSG00000199377,4.323966583,5.601950448,1.628288775,3.440391246,0.000580874,0.002515486,RNU5F-1
ENSG00000176728,4.3995806,5.610604654,1.615676341,3.472604327,0.000515435,0.002267176,TTTY14
ENSG00000156531,4.288060642,5.614288862,1.628358094,3.447822,0.000565126,0.002456532,ACP6
ENSG00000225914,4.438896055,5.6229727,1.617105017,3.477184624,0.000506709,0.002231983,HCG23
ENSG00000030066,4.36367466,5.623434657,1.580586265,3.557815718,0.000373952,0.001680871,NUP160
ENSG00000174844,4.338600861,5.624317973,1.587671948,3.542493762,0.000396363,0.001776421,DNAH12
ENSG00000130921,4.277424811,5.624539183,1.723373667,3.263679427,0.001099755,0.004526934,TRIM39
ENSG00000018610,4.402990114,5.63527217,1.575353603,3.577147479,0.000347364,0.001575161,CXorf56
ENSG00000100721,4.428260223,5.639805862,1.592844754,3.540712834,0.000399048,0.001785854,TCL1A
ENSG00000170581,4.492649476,5.650783242,1.586170007,3.562533156,0.000367294,0.001655778,STAT2
ENSG00000100605,4.578899324,5.655652619,1.727788668,3.273347444,0.001062817,0.004392503,ITPK1
ENSG00000151023,4.481621022,5.658763078,1.575349434,3.592068501,0.000328064,0.001500903,ENKUR
ENSG00000008323,4.406399627,5.659677005,1.610150236,3.514999332,0.000439755,0.001959488,PLEKHG6
ENSG00000074211,4.53196493,5.662357147,1.58117314,3.581111393,0.000342136,0.001562961,PPP2R2C
ENSG00000158545,4.445715082,5.671339982,1.607376362,3.528321129,0.000418204,0.001866162,ZC3H18
ENSG00000226573,4.47078888,5.671790783,1.585155371,3.578066155,0.000346146,0.001573881,CIDEB
ENSG00000156575,4.445911393,5.675338248,1.617197708,3.50936575,0.000449177,0.001995693,PRG3
ENSG00000179300,4.549419788,5.694493714,1.590562609,3.58017577,0.000343363,0.001566245,RTL3
ENSG00000069509,4.675181402,5.70172056,1.584042493,3.599474499,0.000318861,0.001460971,FUNDC1
ENSG00000136305,4.549812411,5.703555392,1.59417584,3.577745471,0.000346571,0.001573881,PCDH1
ENSG00000174720,9.130602867,5.70590508,1.369502047,4.166408582,3.09E-05,0.000168928,IFNA5
ENSG00000153498,4.675377713,5.707226666,1.600249102,3.566461409,0.000361834,0.001633559,SPACA7
ENSG00000012171,4.650303915,5.707232995,1.596326599,3.575228903,0.000349922,0.001584424,SEMA3B
ENSG00000159184,4.703664714,5.724626643,1.556629948,3.677577095,0.00023546,0.001091839,HOXB13
ENSG00000126709,9.443033302,5.735080182,1.3781171,4.161533286,3.16E-05,0.000171966,IFI6
ENSG00000178053,4.793324076,5.739724421,1.570689807,3.654269859,0.000257915,0.001192372,MLF1
ENSG00000007908,4.718102681,5.741457993,1.55912572,3.682485588,0.000230971,0.001074259,ZNF582
ENSG00000018869,4.718102681,5.741457993,1.55912572,3.682485588,0.000230971,0.001074259,TRIOBP
ENSG00000176024,4.782491934,5.751491706,1.549126271,3.712732663,0.000205033,0.000968248,ZNF613
ENSG00000163806,4.77146348,5.759282632,1.558372803,3.695702735,0.000219279,0.001029209,SPDYA
ENSG00000177839,4.886392952,5.777166085,1.550131519,3.726887696,0.000193859,0.000919709,PCDHB9
ENSG00000198589,4.886392952,5.777166085,1.550131519,3.726887696,0.000193859,0.000919709,LRBA
ENSG00000165194,4.811171557,5.778955172,1.565957536,3.690365186,0.000223932,0.001049449,PCDH19
ENSG00000160948,4.875560809,5.789446862,1.544678633,3.747994397,0.000178254,0.000850922,VPS28
ENSG00000171320,4.889606154,5.796108681,1.549075621,3.741656381,0.000182811,0.000871325,ESCO2
ENSG00000130957,5.018777281,5.824692642,1.534114238,3.796778947,0.000146588,0.000709663,FBP2
ENSG00000013374,4.957601231,5.831013994,1.580419435,3.689535744,0.000224664,0.001051276,NUB1
ENSG00000134644,4.982675029,5.832104667,1.554927943,3.750723429,0.000176325,0.00084302,PUM1
ENSG00000102287,5.083166534,5.834166796,1.533247725,3.805103834,0.000141745,0.000688379,GABRE
ENSG00000132849,18.42369738,5.838794973,1.138976169,5.126353943,2.95E-07,2.19E-06,PATJ
ENSG00000198695,4.996916685,5.841374118,1.578717047,3.700076673,0.000215534,0.001013176,ND6
ENSG00000204148,5.122285677,5.841651644,1.570242547,3.720222494,0.000199047,0.000942872,LINC00474
ENSG00000146072,277.8615841,5.845387757,0.297611604,19.64099407,6.90E-86,2.13E-82,TNFRSF21
ENSG00000196678,5.072334391,5.846142365,1.528542489,3.824651528,0.000130957,0.000639013,ERI2
ENSG00000131724,5.086379736,5.852367623,1.546405289,3.784497936,0.000154019,0.000743299,IL13RA1
ENSG00000196961,5.111649846,5.856301692,1.526949111,3.835295918,0.000125413,0.000613907,AP2A1
ENSG00000241476,5.240820973,5.883713551,1.529071892,3.847898573,0.000119135,0.000587405,TMEM206
ENSG00000156486,5.179448612,5.886915904,1.548942545,3.800603143,0.000144344,0.000699899,KCNS2
ENSG00000162896,5.280136427,5.893525194,1.521099012,3.874517799,0.000106836,0.000533141,PIGR
ENSG00000090104,5.229988831,5.894909267,1.530001855,3.852877202,0.000116738,0.000578802,RGS1
ENSG00000133302,5.380235309,5.898787478,1.659841802,3.553825113,0.000379672,0.001704095,SLF1
ENSG00000065600,5.344721991,5.907441203,1.535477321,3.847299548,0.000119427,0.000587405,PCOLCE-AS1
ENSG00000224729,5.319648193,5.907863017,1.535512618,3.847485815,0.000119336,0.000587405,SSX2
ENSG00000160972,5.28334963,5.910954729,1.527133157,3.870621695,0.000108558,0.000540858,PPP1R16A
ENSG00000200974,5.383841134,5.912668471,1.523686616,3.880501677,0.000104241,0.000522033,KCNJ16
ENSG00000055070,5.347935193,5.924462236,1.513473783,3.914479591,9.06E-05,0.000458055,SZRD1
ENSG00000055130,5.347935193,5.924462236,1.513473783,3.914479591,9.06E-05,0.000458055,CUL1
ENSG00000153822,5.448426698,5.926325531,1.527233297,3.880432375,0.000104271,0.000522033,CASP7
ENSG00000180190,5.412128135,5.929608606,1.540138887,3.850047976,0.000118095,0.000583649,TDRP
ENSG00000132406,5.337299362,5.937209945,1.552826849,3.82348486,0.000131579,0.00064103,TMEM128
ENSG00000159259,5.516225464,5.955740681,1.50569547,3.955474928,7.64E-05,0.00038809,CHAF1B
ENSG00000047621,5.584220541,5.989484668,1.502906863,3.985266696,6.74E-05,0.000345321,C12orf4
ENSG00000048545,5.584220541,5.989484668,1.502906863,3.985266696,6.74E-05,0.000345321,GUCA1A
ENSG00000196659,5.598462197,5.998941395,1.51193811,3.967716242,7.26E-05,0.000370525,TTC30B
ENSG00000177476,5.698953701,6.000546233,1.499214534,4.002460019,6.27E-05,0.000324393,OR2G3
ENSG00000180209,5.727240702,6.016265831,1.499693855,4.011662653,6.03E-05,0.000313054,MYLPF
ENSG00000019991,5.816900064,6.02796016,1.497750924,4.024674639,5.71E-05,0.000296893,HGF
ENSG00000189292,5.817096375,6.031778758,1.492983676,4.040083527,5.34E-05,0.000278843,ALKAL2
ENSG00000158623,11.47994207,6.044052053,1.338215753,4.516500452,6.29E-06,3.75E-05,COPG2
ENSG00000022840,5.895727283,6.04955898,1.487712238,4.066350216,4.78E-05,0.000250918,RNF10
ENSG00000144554,11.54452763,6.050167095,1.337228982,4.524406199,6.06E-06,3.63E-05,FANCD2
ENSG00000179826,5.909968939,6.059118972,1.483208646,4.0851427,4.40E-05,0.00023264,MRGPRX3
ENSG00000152953,5.873670376,6.061446596,1.528583675,3.965400583,7.33E-05,0.000373521,STK32B
ENSG00000131941,5.924210595,6.068691924,1.483261755,4.091450415,4.29E-05,0.00022718,RHPN2
ENSG00000162267,5.938452251,6.077999196,1.488368248,4.083666259,4.43E-05,0.000233723,ITIH3
ENSG00000073331,6.0529891,6.085540245,1.503987234,4.046271211,5.20E-05,0.000272966,ALPK1
ENSG00000153037,6.07825921,6.088179596,1.490072479,4.085827826,4.39E-05,0.000232353,SRP19
ENSG00000023572,6.182356539,6.112478575,1.491116191,4.099263768,4.14E-05,0.000220025,GLRX2
ENSG00000052723,6.157282741,6.112751852,1.48668928,4.11165395,3.93E-05,0.000209625,SIKE1
ENSG00000179751,6.121180489,6.119300558,1.47452755,4.150007612,3.32E-05,0.000179302,MRPS33
ENSG00000162236,6.221868304,6.125209935,1.506189772,4.066692027,4.77E-05,0.000250918,STX5
ENSG00000147873,6.185569741,6.126971373,1.470490059,4.166618696,3.09E-05,0.000168928,LARP7
ENSG00000090263,6.174737599,6.13655345,1.478697205,4.149972982,3.33E-05,0.000179302,SYCN
ENSG00000172893,12.38216218,6.148898547,1.324404286,4.642765516,3.44E-06,2.14E-05,DHCR7
ENSG00000134594,6.368101668,6.163198158,1.468829112,4.195994012,2.72E-05,0.000149108,RAB33A
ENSG00000224843,6.43249092,6.171559252,1.484326387,4.157818191,3.21E-05,0.000173864,LINC00240
ENSG00000187257,6.446732576,6.179886117,1.478086711,4.181003775,2.90E-05,0.000159004,RSBN1L
ENSG00000174792,6.408006055,6.181792091,1.50315663,4.112540216,3.91E-05,0.000209185,ODAPH
ENSG00000162437,6.385752837,6.189052955,1.486833524,4.162572914,3.15E-05,0.000171488,RAVER2
ENSG00000011566,6.486440653,6.194641512,1.45912884,4.245438333,2.18E-05,0.000120925,MAP4K3
ENSG00000143321,12.81108421,6.198636047,1.331441662,4.655582158,3.23E-06,2.02E-05,HDGF
ENSG00000163956,6.536980871,6.201613164,1.511833187,4.102048571,4.10E-05,0.000217768,LRPAP1
ENSG00000180758,6.525756107,6.202605274,1.456029772,4.259943987,2.04E-05,0.000114056,GPR157
ENSG00000163444,6.450534712,6.203884131,1.475240714,4.205336845,2.61E-05,0.000143335,TMEM183A
ENSG00000133422,6.464383745,6.204891687,1.4911608,4.161115075,3.17E-05,0.000171977,MORC2
ENSG00000152749,6.615415469,6.213016065,1.4635269,4.245235306,2.18E-05,0.000120925,GPR180
ENSG00000153975,6.59034167,6.213494213,1.460021601,4.255754991,2.08E-05,0.000115793,ZUP1
ENSG00000172780,6.58272273,6.235346027,1.479131676,4.215544924,2.49E-05,0.000137493,RAB43
ENSG00000177363,6.647111983,6.243430986,1.46627186,4.258030965,2.06E-05,0.000114828,LRRN4CL
ENSG00000170606,24.53845147,6.251205064,1.110726423,5.62803309,1.82E-08,1.66E-07,LSM14A
ENSG00000172769,6.686623748,6.254513256,1.462879904,4.275479648,1.91E-05,0.000106578,OR5B3
ENSG00000134323,6.880184128,6.282752873,1.443945346,4.351101578,1.35E-05,7.69E-05,MYCN
ENSG00000229924,6.919499582,6.290263467,1.440900288,4.365509203,1.27E-05,7.24E-05,FAM90A26
ENSG00000078124,7.098818306,6.31047192,1.460392367,4.321079776,1.55E-05,8.76E-05,ACER3
ENSG00000172725,6.965437753,6.321320689,1.519717179,4.159537562,3.19E-05,0.000172864,CORO1B
ENSG00000067141,7.270321779,6.346848603,1.442916894,4.398623808,1.09E-05,6.26E-05,NEO1
ENSG00000187942,7.170026586,6.348861296,1.435628625,4.422356301,9.76E-06,5.67E-05,LDLRAD2
ENSG00000196670,7.320665687,6.350213073,1.456432172,4.360115902,1.30E-05,7.41E-05,ZFP62
ENSG00000152904,7.245444292,6.350289298,1.437226999,4.418431675,9.94E-06,5.75E-05,C5AR2
ENSG00000010292,14.23915089,6.351856201,1.306305844,4.862457158,1.16E-06,7.76E-06,NCAPD2
ENSG00000175097,7.309833545,6.356964715,1.437260776,4.422972381,9.74E-06,5.67E-05,RAG2
ENSG00000182575,7.284956057,6.360805245,1.448197593,4.392221942,1.12E-05,6.42E-05,NXPH3
ENSG00000185052,7.438808361,6.374521292,1.44989278,4.396546682,1.10E-05,6.31E-05,SLC24A3
ENSG00000162076,7.355968026,6.39457717,1.446643549,4.420285269,9.86E-06,5.72E-05,FLYWCH2
ENSG00000134830,7.48455022,6.40527699,1.449706464,4.418326847,9.95E-06,5.75E-05,GGPS1
ENSG00000180210,7.585434346,6.412252409,1.425758388,4.497432709,6.88E-06,4.06E-05,F2
ENSG00000132837,7.399085616,6.413547941,1.524389774,4.207288746,2.58E-05,0.000142357,DMGDH
ENSG00000272523,7.689335364,6.428754102,1.428877757,4.499163117,6.82E-06,4.03E-05,LINC01023
ENSG00000177879,7.653429424,6.436933717,1.420208265,4.532387168,5.83E-06,3.50E-05,AP3S1
ENSG00000049541,7.692744878,6.443692728,1.416841456,4.547927858,5.42E-06,3.27E-05,RFC2
ENSG00000170604,7.706593912,6.445084937,1.433925309,4.494714542,6.97E-06,4.10E-05,IRF2BP1
ENSG00000175093,7.756937819,6.447057016,1.425491697,4.522689982,6.11E-06,3.65E-05,SPSB4
ENSG00000134551,7.771375786,6.457091847,1.413816923,4.56713436,4.94E-06,3.00E-05,PRH2
ENSG00000226387,7.885912636,6.46321281,1.434020949,4.50705606,6.57E-06,3.90E-05,SORCS3-AS1
ENSG00000072506,7.824932896,6.470985485,1.415229765,4.572392161,4.82E-06,2.93E-05,HSD17B10
ENSG00000136108,7.88951846,6.479944504,1.410301414,4.594723115,4.33E-06,2.64E-05,KRT31
ENSG00000130935,7.993419478,6.495315504,1.408113439,4.612778577,3.97E-06,2.44E-05,NOL11
ENSG00000072310,8.150877606,6.523950472,1.403586496,4.64805731,3.35E-06,2.09E-05,SREBF1
ENSG00000174325,8.240536968,6.532143632,1.407668714,4.640398389,3.48E-06,2.16E-05,DIRC1
ENSG00000094796,8.115167976,6.533919589,1.422041987,4.594744492,4.33E-06,2.64E-05,OTX1
ENSG00000064545,8.118381179,6.542189574,1.449685456,4.512833833,6.40E-06,3.80E-05,TMEM161A
ENSG00000016490,8.207451608,6.544725321,1.440637144,4.542938065,5.55E-06,3.34E-05,CLCA1
ENSG00000016602,8.207451608,6.544725321,1.440637144,4.542938065,5.55E-06,3.34E-05,CLCA4
ENSG00000174842,8.26902028,6.545776978,1.400362715,4.674343944,2.95E-06,1.86E-05,GLMN
ENSG00000153956,8.218872683,6.546836494,1.406286425,4.655407588,3.23E-06,2.02E-05,CACNA2D1
ENSG00000172845,8.244142793,6.548972855,1.411080056,4.641106523,3.47E-06,2.16E-05,SP3
ENSG00000181666,8.458974835,6.555683183,1.439938647,4.552751741,5.29E-06,3.20E-05,ZNF875
ENSG00000177489,8.383949751,6.556644147,1.416277481,4.629491208,3.67E-06,2.26E-05,OR2G2
ENSG00000166573,8.473412802,6.562984908,1.422764544,4.612839794,3.97E-06,2.44E-05,GALR1
ENSG00000013306,8.337015357,6.568242547,1.404573552,4.676325092,2.92E-06,1.85E-05,SLC25A39
ENSG00000182107,8.62325199,6.606621069,1.393329754,4.74160625,2.12E-06,1.37E-05,TMEM30B
ENSG00000162065,8.712715041,6.612105078,1.404900221,4.70645885,2.52E-06,1.61E-05,TBC1D24
ENSG00000132832,8.612419848,6.613613759,1.397385128,4.732849683,2.21E-06,1.42E-05,FFAR3
ENSG00000161682,8.70207921,6.621293956,1.389885609,4.763912881,1.90E-06,1.23E-05,FAM171A2
ENSG00000153923,8.666173269,6.628209274,1.402869532,4.724751036,2.30E-06,1.47E-05,CLCA3P
ENSG00000100325,8.809389741,6.648425967,1.393547397,4.770864617,1.83E-06,1.19E-05,ASCC2
ENSG00000143190,17.78385079,6.681920626,1.285455657,5.198095002,2.01E-07,1.55E-06,POU2F1
ENSG00000178163,9.171240392,6.688373626,1.384238486,4.831807303,1.35E-06,8.92E-06,ZNF518B
ENSG00000148943,17.94772293,6.689267983,1.2810241,5.221812752,1.77E-07,1.38E-06,LIN7C
ENSG00000152952,9.121092795,6.689389054,1.382874134,4.837308681,1.32E-06,8.70E-06,PLOD2
ENSG00000160973,9.214357982,6.711206568,1.398606911,4.798493783,1.60E-06,1.05E-05,FOXH1
ENSG00000198131,9.304017344,6.718776408,1.404111645,4.785072777,1.71E-06,1.11E-05,ZNF544
ENSG00000177875,9.432403226,6.724491429,1.385665481,4.852896692,1.22E-06,8.09E-06,CCDC184
ENSG00000162244,9.357181831,6.725569608,1.375669407,4.888943211,1.01E-06,6.92E-06,RPL29
ENSG00000177370,9.307034235,6.726482866,1.381313001,4.869629738,1.12E-06,7.53E-06,TIMM22
ENSG00000063169,9.371423487,6.731638136,1.376430353,4.890649297,1.01E-06,6.88E-06,BICRA
ENSG00000188029,9.43581274,6.736607547,1.376053743,4.89559916,9.80E-07,6.72E-06,CTSL3P
ENSG00000133641,9.525668413,6.746031352,1.376578177,4.900579904,9.56E-07,6.57E-06,C12orf29
ENSG00000069206,9.389074657,6.747851806,1.402618745,4.810895213,1.50E-06,9.86E-06,ADAM7
ENSG00000198829,9.578832901,6.752948514,1.387061176,4.868529686,1.12E-06,7.56E-06,SUCNR1
ENSG00000226372,9.629176809,6.754645367,1.385498531,4.87524542,1.09E-06,7.34E-06,DCAF8L1
ENSG00000106031,9.715426657,6.754969657,1.425292445,4.739356952,2.14E-06,1.38E-05,HOXA13
ENSG00000046604,34.7502063,6.760411343,1.089130511,6.207163675,5.39E-10,5.81E-09,DSG2
ENSG00000226496,9.708200339,6.769689085,1.374325843,4.925825356,8.40E-07,5.80E-06,LINC00323
ENSG00000165091,9.672098088,6.774065306,1.370337831,4.943354223,7.68E-07,5.33E-06,TMC1
ENSG00000176605,9.8229335,6.777577714,1.389741042,4.876863753,1.08E-06,7.29E-06,C14orf177
ENSG00000115507,9.908790726,6.780971301,1.475604495,4.595385364,4.32E-06,2.64E-05,CKAP2
ENSG00000178172,9.851416811,6.78785017,1.375367879,4.935297873,8.00E-07,5.54E-06,SPINK6
ENSG00000175611,9.876883232,6.793305626,1.397848733,4.859828868,1.17E-06,7.85E-06,LINC00476
ENSG00000126351,19.41206172,6.797176422,1.281659919,5.303416545,1.14E-07,9.14E-07,THRA
ENSG00000166527,9.804482417,6.798188506,1.369690142,4.963303958,6.93E-07,4.84E-06,CLEC4D
ENSG00000131097,10.02691873,6.832593044,1.378863671,4.955234654,7.22E-07,5.03E-06,HIGD1B
ENSG00000132681,10.18037841,6.837735227,1.372070963,4.983514273,6.24E-07,4.38E-06,ATP1A4
ENSG00000174791,10.2202828,6.849467134,1.370487491,4.997832654,5.80E-07,4.08E-06,RIN1
ENSG00000140262,10.46720398,6.876196321,1.365482801,5.035725323,4.76E-07,3.40E-06,TCF12
ENSG00000150961,10.3703183,6.887875714,1.374018199,5.012943584,5.36E-07,3.80E-06,SEC24D
ENSG00000227480,10.54622751,6.891025298,1.377745934,5.001666219,5.68E-07,4.02E-06,CCDC148-AS1
ENSG00000181733,10.6244658,6.896157676,1.36411083,5.055423303,4.29E-07,3.08E-06,OR2Z1
ENSG00000047849,10.5743182,6.896545133,1.355759425,5.086850221,3.64E-07,2.66E-06,MAP4
ENSG00000173641,10.5743182,6.896545133,1.355759425,5.086850221,3.64E-07,2.66E-06,HSPB7
ENSG00000161010,10.72856312,6.910052926,1.364392317,5.064564525,4.09E-07,2.94E-06,MRNIP
ENSG00000134940,10.59177306,6.910688965,1.3629593,5.070356073,3.97E-07,2.88E-06,ACRV1
ENSG00000134590,10.60640734,6.919786829,1.365973702,5.065827269,4.07E-07,2.93E-06,RTL8C
ENSG00000140835,10.78231655,6.922139113,1.362230533,5.081474057,3.75E-07,2.73E-06,CHST4
ENSG00000065060,10.71673476,6.94158732,1.423041792,4.877992591,1.07E-06,7.27E-06,UHRF1BP1
ENSG00000166407,10.94620108,6.9601959,1.356754706,5.130032622,2.90E-07,2.15E-06,LMO1
ENSG00000196459,10.99654499,6.961743424,1.348554258,5.162375473,2.44E-07,1.83E-06,TRAPPC2
ENSG00000177468,11.01098295,6.96883595,1.351965755,5.15459502,2.54E-07,1.90E-06,OLIG3
ENSG00000196660,11.1505936,6.971883724,1.348542572,5.169939659,2.34E-07,1.76E-06,SLC30A10
ENSG00000174339,11.24044927,6.980197577,1.353387143,5.157576391,2.50E-07,1.87E-06,OR2Y1
ENSG00000196653,11.39089206,6.984569608,1.396811378,5.000367064,5.72E-07,4.04E-06,ZNF502
ENSG00000006756,11.25810044,6.995473422,1.345493411,5.199188165,2.00E-07,1.55E-06,ARSD
ENSG00000180152,22.21841364,6.997035448,1.266103326,5.526433193,3.27E-08,2.84E-07,CT55
ENSG00000134291,11.26131365,7.0034507,1.352137986,5.179538458,2.22E-07,1.69E-06,TMEM106C
ENSG00000162086,11.26131365,7.0034507,1.352137986,5.179538458,2.22E-07,1.69E-06,ZNF75A
ENSG00000163220,11.48697783,7.00393948,1.382020221,5.067899423,4.02E-07,2.91E-06,S100A9
ENSG00000176623,11.38727157,7.007925602,1.352410635,5.181803087,2.20E-07,1.68E-06,RMDN1
ENSG00000136327,11.46931199,7.027056196,1.347086813,5.216483546,1.82E-07,1.41E-06,NKX2-8
ENSG00000179593,11.40793963,7.027398677,1.364666045,5.149537282,2.61E-07,1.95E-06,ALOX15B
ENSG00000162337,11.71642948,7.052671531,1.342287428,5.254218571,1.49E-07,1.16E-06,LRP5
ENSG00000199168,11.94188269,7.087438819,1.345660233,5.266885836,1.39E-07,1.09E-06,MIR374A
ENSG00000158104,12.08129702,7.088703946,1.335182351,5.309165403,1.10E-07,8.88E-07,HPD
ENSG00000225261,12.31397655,7.107778759,1.347426592,5.275076801,1.33E-07,1.05E-06,CYB5R2
ENSG00000227482,12.12743151,7.111669744,1.345799296,5.284346457,1.26E-07,1.01E-06,HMGCS2
ENSG00000226328,12.4686141,7.123993469,1.357569979,5.247606812,1.54E-07,1.20E-06,ST7L
ENSG00000156469,12.40021173,7.141011507,1.343714462,5.314381669,1.07E-07,8.65E-07,MTERF3
ENSG00000011052,12.61864959,7.154524891,1.33373772,5.364266742,8.13E-08,6.67E-07,NME1-NME2
ENSG00000175928,12.53259606,7.159250584,1.345333132,5.321544839,1.03E-07,8.34E-07,LRRN1
ENSG00000038382,12.6218628,7.161990623,1.328023509,5.392969758,6.93E-08,5.74E-07,TRIO
ENSG00000007062,12.80098521,7.170432587,1.327818842,5.400158787,6.66E-08,5.56E-07,PROM1
ENSG00000226841,12.8441028,7.187182118,1.332632352,5.393221997,6.92E-08,5.74E-07,MCCD1
ENSG00000135218,12.83327066,7.191429843,1.336885686,5.379240661,7.48E-08,6.16E-07,CD36
ENSG00000132631,13.05793862,7.216267142,1.337683476,5.394599895,6.87E-08,5.71E-07,SCP2D1
ENSG00000072858,13.13335632,7.217746188,1.325937331,5.443504772,5.22E-08,4.39E-07,SIDT1
ENSG00000009307,13.33433933,7.220218367,1.339486666,5.390287599,7.03E-08,5.81E-07,CSDE1
ENSG00000170458,13.25931425,7.221327875,1.324486089,5.452173441,4.98E-08,4.21E-07,CD14
ENSG00000037897,13.05372919,7.224267939,1.435870922,5.031279502,4.87E-07,3.47E-06,METTL1
ENSG00000188010,13.20154771,7.233327532,1.328583225,5.444391735,5.20E-08,4.39E-07,MORN2
ENSG00000178184,13.4673126,7.242339205,1.33701129,5.416812303,6.07E-08,5.09E-07,PARD6G
ENSG00000201644,13.49861649,7.253433326,1.319814986,5.495795549,3.89E-08,3.32E-07,ASTE1
ENSG00000028528,13.32349252,7.254593216,1.357439041,5.344323388,9.08E-08,7.41E-07,SNX1
ENSG00000178125,13.55236991,7.263202247,1.3178703,5.511317956,3.56E-08,3.05E-07,PPP1R42
ENSG00000064419,13.73208126,7.276378943,1.327473647,5.481373554,4.22E-08,3.59E-07,TNPO3
ENSG00000134321,13.7962742,7.278020314,1.319562167,5.515481192,3.48E-08,2.99E-07,RSAD2
ENSG00000167566,13.8528482,7.291018984,1.320095375,5.523100165,3.33E-08,2.87E-07,NCKAP5L
ENSG00000179546,13.8528482,7.291018984,1.320095375,5.523100165,3.33E-08,2.87E-07,HTR1D
ENSG00000035687,13.91763007,7.297716652,1.313271341,5.556899344,2.75E-08,2.42E-07,ADSS
ENSG00000036530,13.91763007,7.297716652,1.313271341,5.556899344,2.75E-08,2.42E-07,CYP46A1
ENSG00000160214,13.98221564,7.302740154,1.313154479,5.561219391,2.68E-08,2.37E-07,RRP1
ENSG00000008441,14.13265843,7.303128777,1.33486138,5.471076536,4.47E-08,3.79E-07,NFIX
ENSG00000172932,14.15430804,7.326370297,1.319482188,5.552458656,2.82E-08,2.47E-07,ANKRD13D
ENSG00000178127,14.54444569,7.357697081,1.311551082,5.609920331,2.02E-08,1.82E-07,NDUFV2
ENSG00000181767,14.53361355,7.361906645,1.310292287,5.618522459,1.93E-08,1.74E-07,OR8H2
ENSG00000200949,14.58658173,7.364654126,1.316659904,5.593436927,2.23E-08,1.99E-07,SNORD115-32
ENSG00000199798,15.27476971,7.420805187,1.311894717,5.65655543,1.54E-08,1.42E-07,SNORD114-5
ENSG00000072501,15.13817595,7.422814211,1.303487906,5.694578503,1.24E-08,1.14E-07,SMC1A
ENSG00000182580,15.74714409,7.465568475,1.305812754,5.717181467,1.08E-08,1.01E-07,EPHB3
ENSG00000162885,15.89055688,7.478433386,1.307907701,5.717860197,1.08E-08,1.01E-07,B3GALNT2
ENSG00000187474,15.67854542,7.479412908,1.304656604,5.732859427,9.88E-09,9.24E-08,FPR3
ENSG00000172900,16.09093629,7.504493752,1.300552303,5.770236024,7.92E-09,7.45E-08,FLJ42102
ENSG00000185088,16.13346494,7.513576393,1.29542741,5.8000752,6.63E-09,6.30E-08,RPS27L
ENSG00000065609,16.44536431,7.537527493,1.299184947,5.801735549,6.56E-09,6.26E-08,SNAP91
ENSG00000010244,16.60242981,7.548572068,1.293262876,5.836842771,5.32E-09,5.11E-08,ZNF207
ENSG00000200987,16.68125703,7.556224954,1.29228725,5.847171329,5.00E-09,4.83E-08,SNORD115-30
ENSG00000010165,16.94281249,7.578726821,1.292789513,5.862305305,4.56E-09,4.45E-08,EEF1AKNMT
ENSG00000100450,17.16105404,7.587651777,1.300002284,5.836644958,5.33E-09,5.11E-08,GZMH
ENSG00000132740,17.55519014,7.624203961,1.296228874,5.881834692,4.06E-09,3.97E-08,IGHMBP2
ENSG00000019549,17.87410485,7.660258726,1.308071305,5.856147673,4.74E-09,4.60E-08,SNAI2
ENSG00000047936,18.27148348,7.667828947,1.382703847,5.545532372,2.93E-08,2.56E-07,ROS1
ENSG00000166263,18.01974928,7.670191247,1.284473389,5.971467619,2.35E-09,2.37E-08,STXBP4
ENSG00000179361,17.9699943,7.673231186,1.28772689,5.95874113,2.54E-09,2.55E-08,ARID3B
ENSG00000144481,18.22453442,7.680074201,1.289744518,5.954725213,2.61E-09,2.60E-08,TRPM8
ENSG00000165125,18.0516421,7.682557673,1.291177759,5.950038729,2.68E-09,2.65E-08,TRPV6
ENSG00000066933,35.50613867,7.686414288,1.234277015,6.227462874,4.74E-10,5.14E-09,MYO9A
ENSG00000171566,18.27368579,7.699245467,1.287448267,5.980236772,2.23E-09,2.26E-08,PLRG1
ENSG00000174776,18.86118596,7.742344415,1.280803847,6.044910336,1.49E-09,1.52E-08,WDR49
ENSG00000073921,19.28302012,7.776245681,1.283090532,6.060558853,1.36E-09,1.39E-08,PICALM
ENSG00000174177,19.58167406,7.777400322,1.299474045,5.985037064,2.16E-09,2.20E-08,CTU2
ENSG00000196652,19.35883045,7.779393449,1.27840585,6.085229856,1.16E-09,1.21E-08,ZKSCAN5
ENSG00000066827,19.70020935,7.789833614,1.315169179,5.923065824,3.16E-09,3.11E-08,ZFAT
ENSG00000163902,19.51969809,7.796726601,1.282720947,6.078271834,1.21E-09,1.26E-08,RPN1
ENSG00000166526,20.02456891,7.822805329,1.273124702,6.144571163,8.02E-10,8.45E-09,ZNF3
ENSG00000044574,20.06525854,7.831256411,1.319991392,5.932808699,2.98E-09,2.94E-08,HSPA5
ENSG00000180229,20.43335395,7.837617644,1.289663888,6.077256031,1.22E-09,1.26E-08,HERC2P3
ENSG00000152782,20.26406746,7.845254764,1.274124075,6.157371104,7.40E-10,7.88E-09,PANK1
ENSG00000187268,20.49373009,7.852310125,1.272633361,6.170127522,6.82E-10,7.32E-09,FAM9C
ENSG00000178473,20.58258954,7.873866568,1.279363025,6.154520973,7.53E-10,8.00E-09,UCN3
ENSG00000153885,21.57566155,7.92178593,1.28789842,6.150940018,7.70E-10,8.15E-09,KCTD15
ENSG00000142046,21.52833453,7.922699554,1.269115839,6.242692205,4.30E-10,4.70E-09,TMEM91
ENSG00000179335,21.46735479,7.926033619,1.268391931,6.248883665,4.13E-10,4.53E-09,CLK3
ENSG00000176746,21.76259921,7.928769894,1.332521642,5.950199716,2.68E-09,2.65E-08,MAGEB6
ENSG00000172888,21.59632961,7.931459279,1.268017163,6.255009406,3.97E-10,4.37E-09,ZNF621
ENSG00000162881,22.14431801,7.964777143,1.270115086,6.270909801,3.59E-10,3.98E-09,OXER1
ENSG00000176787,22.17260501,7.96868365,1.265240685,6.298156344,3.01E-10,3.36E-09,OR52E2
ENSG00000169689,22.55130692,8.007993559,1.277482792,6.268572548,3.64E-10,4.02E-09,CENPX
ENSG00000172752,22.8704326,8.018067573,1.262384361,6.351526383,2.13E-10,2.41E-09,COL6A5
ENSG00000063854,45.82189124,8.058979233,1.223851123,6.584934298,4.55E-11,5.77E-10,HAGH
ENSG00000153064,23.85890256,8.06904628,1.263427228,6.386633198,1.70E-10,1.96E-09,FAM13B
ENSG00000196363,24.25646284,8.083764276,1.279501112,6.317903281,2.65E-10,2.97E-09,WDR5
ENSG00000142173,23.88376538,8.086979785,1.269177651,6.371826494,1.87E-10,2.15E-09,COL6A2
ENSG00000181761,24.0261966,8.09129712,1.260159127,6.420853481,1.36E-10,1.59E-09,CCDC197
ENSG00000175699,24.14414297,8.097674872,1.26120077,6.4206073,1.36E-10,1.59E-09,OR8H3
ENSG00000224952,24.63214785,8.115480763,1.261043752,6.435526721,1.23E-10,1.46E-09,PBX2
ENSG00000064102,24.63174056,8.132117647,1.265428077,6.426376807,1.31E-10,1.54E-09,INTS13
ENSG00000161692,25.10091641,8.138315266,1.262755029,6.44488842,1.16E-10,1.39E-09,DBF4B
ENSG00000031003,24.90577088,8.141439733,1.274819549,6.386346791,1.70E-10,1.96E-09,BANK1
ENSG00000172831,25.07944844,8.143430406,1.257153737,6.477672671,9.31E-11,1.12E-09,CES2
ENSG00000149489,25.2124217,8.155588874,1.266491273,6.439514468,1.20E-10,1.42E-09,ROM1
ENSG00000132478,25.15386992,8.158397773,1.256715643,6.49184071,8.48E-11,1.03E-09,UNK
ENSG00000185069,25.6950393,8.177642401,1.254939568,6.516363505,7.20E-11,8.80E-10,KRT76
ENSG00000176095,26.02760672,8.202289955,1.251758463,6.552613939,5.65E-11,7.02E-10,IP6K1
ENSG00000108821,26.1189088,8.203350331,1.294205797,6.338520776,2.32E-10,2.61E-09,COL1A1
ENSG00000174780,25.95861542,8.207831345,1.265031215,6.488244123,8.68E-11,1.05E-09,SRP72
ENSG00000197683,27.10415089,8.260604866,1.257589472,6.568602117,5.08E-11,6.38E-10,KRTAP26-1
ENSG00000176256,27.62543744,8.275693333,1.267849051,6.527349076,6.69E-11,8.21E-10,HMGB4
ENSG00000172890,27.87537551,8.287398126,1.260540424,6.574480252,4.88E-11,6.16E-10,NADSYN1
ENSG00000172915,27.80356363,8.290346094,1.250531337,6.629458893,3.37E-11,4.40E-10,NBEA
ENSG00000072952,27.9403537,8.292114112,1.264707156,6.556548742,5.51E-11,6.86E-10,MRVI1
ENSG00000182054,27.78070681,8.30576791,1.258898283,6.597648138,4.18E-11,5.36E-10,IDH2
ENSG00000227487,28.05691122,8.30689721,1.249468413,6.648345107,2.96E-11,3.88E-10,NCAM1-AS1
ENSG00000169509,28.44965847,8.338931835,1.262291921,6.606183319,3.94E-11,5.10E-10,CRCT1
ENSG00000197694,28.85299866,8.347245202,1.254648576,6.653054378,2.87E-11,3.78E-10,SPTAN1
ENSG00000175175,28.81952068,8.34926535,1.245179775,6.705269004,2.01E-11,2.66E-10,PPM1E
ENSG00000034713,30.29859158,8.41700966,1.935825425,4.348021032,1.37E-05,7.79E-05,GABARAPL2
ENSG00000235531,30.62435353,8.434171465,1.242783616,6.78651646,1.15E-11,1.53E-10,MSC-AS1
ENSG00000152932,30.91059016,8.444749515,1.242255677,6.797915819,1.06E-11,1.43E-10,RAB3C
ENSG00000172818,31.11398646,8.460760616,1.240644998,6.819646739,9.13E-12,1.24E-10,OVOL1
ENSG00000166548,60.72037233,8.463170777,1.211528816,6.985529906,2.84E-12,4.10E-11,TK2
ENSG00000019505,31.43612903,8.469184561,1.243358194,6.811540393,9.66E-12,1.31E-10,SYT13
ENSG00000131068,32.11630545,8.498900143,1.243015555,6.837324046,8.07E-12,1.11E-10,DEFB118
ENSG00000147872,31.85512795,8.50269658,1.24540017,6.827280731,8.65E-12,1.18E-10,PLIN2
ENSG00000163491,32.13133235,8.503273896,1.239453686,6.860501521,6.86E-12,9.52E-11,NEK10
ENSG00000158710,33.03696198,8.544928806,1.237668591,6.904052403,5.05E-12,7.11E-11,TAGLN2
ENSG00000150637,33.14105931,8.549362798,1.239767197,6.895942093,5.35E-12,7.49E-11,CD226
ENSG00000092445,34.12191033,8.589354894,1.238031739,6.937911704,3.98E-12,5.67E-11,TYRO3
ENSG00000172757,34.68014194,8.607080979,1.23910962,6.946182032,3.75E-12,5.37E-11,CFL1
ENSG00000187987,35.02695102,8.626498114,1.23417105,6.989710309,2.75E-12,4.00E-11,ZSCAN23
ENSG00000162298,35.04440588,8.630863882,1.23401009,6.994159894,2.67E-12,3.89E-11,SYVN1
ENSG00000161016,68.80525971,8.635195846,1.207888197,7.149002588,8.74E-13,1.39E-11,RPL8
ENSG00000070540,35.45699306,8.642816241,1.235298437,6.996541065,2.62E-12,3.85E-11,WIPI1
ENSG00000010671,35.38498486,8.645826448,1.23312203,7.01133078,2.36E-12,3.50E-11,BTK
ENSG00000182083,35.44957043,8.647800185,1.233468854,7.010959502,2.37E-12,3.50E-11,OR6B2
ENSG00000162676,35.96246747,8.652433746,1.26038018,6.864939552,6.65E-12,9.27E-11,GFI1
ENSG00000134917,36.34457889,8.674946341,1.236244946,7.017174364,2.26E-12,3.38E-11,ADAMTS8
ENSG00000132000,36.52409392,8.680122855,1.240553087,6.996978161,2.62E-12,3.85E-11,PODNL1
ENSG00000132470,36.66231573,8.689189962,1.238053068,7.018430942,2.24E-12,3.37E-11,ITGB4
ENSG00000182583,36.83440813,8.697735175,1.233261265,7.052629821,1.76E-12,2.68E-11,VCX
ENSG00000153046,36.98162305,8.707448331,1.230941684,7.073810597,1.51E-12,2.31E-11,CDYL
ENSG00000065457,37.44257636,8.725850402,1.231600724,7.08496693,1.39E-12,2.14E-11,HEXB
ENSG00000169045,270.2703597,8.726017961,0.735610738,11.86227649,1.86E-32,1.47E-30,KLF15
ENSG00000049860,37.73222251,8.737636612,1.233179498,7.085454001,1.39E-12,2.14E-11,ADAT1
ENSG00000010270,75.99094729,8.781471818,1.205402247,7.285096606,3.21E-13,5.41E-12,STARD3NL
ENSG00000059588,39.44017079,8.785153954,1.337724724,6.567235989,5.13E-11,6.42E-10,TARBP1
ENSG00000162104,39.26247899,8.805840511,1.265206658,6.960001719,3.40E-12,4.90E-11,ADCY9
ENSG00000172840,41.29996314,8.855535356,1.242719144,7.125934606,1.03E-12,1.63E-11,PDP2
ENSG00000033100,41.06529117,8.864389421,1.227042356,7.224191879,5.04E-13,8.21E-12,CHPF2
ENSG00000092345,41.06529117,8.864389421,1.227042356,7.224191879,5.04E-13,8.21E-12,DAZL
ENSG00000143320,41.68869728,8.882143391,1.22490459,7.251294072,4.13E-13,6.80E-12,CRABP2
ENSG00000172732,41.68789737,8.890469165,1.231526461,7.219064669,5.23E-13,8.48E-12,MUS81
ENSG00000185896,42.01464199,8.892237908,1.224884972,7.259651406,3.88E-13,6.42E-12,LAMP1
ENSG00000165886,42.30710871,8.903864482,1.226152188,7.261630791,3.82E-13,6.37E-12,UBTD1
ENSG00000176754,45.30119822,8.990428909,1.230693868,7.305170798,2.77E-13,4.71E-12,LINC00303
ENSG00000167780,45.19892525,8.995107139,1.23014337,7.312242911,2.63E-13,4.52E-12,SOAT2
ENSG00000166471,45.32906326,9.010166288,1.226448128,7.346553091,2.03E-13,3.56E-12,TMEM41B
ENSG00000161082,46.286244,9.024032978,1.229002834,7.342564821,2.10E-13,3.65E-12,CELF5
ENSG00000185101,46.7465937,9.046388568,1.219857418,7.415939299,1.21E-13,2.12E-12,ANO9
ENSG00000133983,47.33652183,9.06347773,1.221719576,7.418623644,1.18E-13,2.09E-12,COX16
ENSG00000227141,47.56998659,9.069928885,1.219382234,7.438134357,1.02E-13,1.83E-12,FRG2C
ENSG00000147689,48.87919561,9.116307635,1.221131523,7.46545926,8.30E-14,1.51E-12,FAM83A
ENSG00000175820,49.42155752,9.120008938,1.221992101,7.463230678,8.44E-14,1.53E-12,CCDC168
ENSG00000134086,51.02039802,9.181565673,1.222742746,7.508992144,5.96E-14,1.10E-12,VHL
ENSG00000163885,53.00817008,9.227010292,1.216700239,7.583634814,3.36E-14,6.27E-13,CFAP100
ENSG00000178084,53.31665993,9.232519582,1.220062109,7.567253759,3.81E-14,7.07E-13,HTR3C
ENSG00000023608,54.85455003,9.274363306,1.214539925,7.636112339,2.24E-14,4.23E-13,SNAPC1
ENSG00000163545,55.16243628,9.286881677,1.213895158,7.650480864,2.00E-14,3.83E-13,NUAK2
ENSG00000198633,55.53151325,9.289817141,1.215352172,7.64372447,2.11E-14,4.01E-13,ZNF534
ENSG00000172733,56.92316998,9.326218921,1.215338403,7.673763045,1.67E-14,3.21E-13,PURG
ENSG00000013297,57.40445059,9.34589183,1.279172197,7.306203066,2.75E-13,4.70E-12,CLDN11
ENSG00000008513,113.5678982,9.362967444,1.195936134,7.828986161,4.92E-15,9.90E-14,ST3GAL1
ENSG00000036257,58.72420069,9.367934185,1.217059644,7.697185782,1.39E-14,2.69E-13,CUL3
ENSG00000160953,60.26707079,9.410518223,1.211254593,7.769232228,7.90E-15,1.55E-13,PWWP3A
ENSG00000079385,63.13256343,9.477655925,1.216260641,7.792454678,6.57E-15,1.30E-13,CEACAM1
ENSG00000149507,65.1390111,9.528475023,1.209437721,7.878433801,3.32E-15,6.76E-14,OOSP2
ENSG00000171564,66.33389425,9.555052344,1.208869991,7.904119064,2.70E-15,5.55E-14,GRAMD1B
ENSG00000023171,68.82757624,9.602265933,1.214898256,7.903761397,2.71E-15,5.55E-14,FGB
ENSG00000174807,70.68293463,9.645197933,1.20700479,7.991018773,1.34E-15,2.82E-14,CD248
ENSG00000172938,75.37834859,9.73027984,1.209184371,8.046977842,8.49E-16,1.84E-14,MRGPRD
ENSG00000185271,79.15389014,9.814815316,1.214507409,8.081313662,6.41E-16,1.40E-14,KLHL33
ENSG00000175792,81.37914009,9.846807068,1.214476628,8.107860491,5.15E-16,1.13E-14,RUVBL1
ENSG00000147697,87.24461726,9.943776763,1.20329302,8.263803241,1.41E-16,3.22E-15,GSDMC
ENSG00000174365,89.86748504,9.980275347,1.213458865,8.224650735,1.96E-16,4.43E-15,SNHG11
ENSG00000172460,94.92574475,10.06550025,1.200109903,8.387148731,4.98E-17,1.14E-15,PRSS30P
ENSG00000091073,102.1252509,10.16923446,1.200397889,8.471553104,2.42E-17,5.61E-16,DTX2
ENSG00000187823,103.7613862,10.19593828,1.199824355,8.497859067,1.93E-17,4.54E-16,RTL4
ENSG00000196683,106.7869759,10.23379759,1.201709358,8.516033867,1.65E-17,3.91E-16,TOMM7
ENSG00000179600,108.7659647,10.26925248,1.198903518,8.565537032,1.08E-17,2.57E-16,GPHB5
ENSG00000198711,114.5614114,10.34100235,1.197206197,8.637611779,5.74E-18,1.41E-16,SSBP3-AS1
ENSG00000198642,124.3867153,10.45656027,1.195322764,8.747896871,2.17E-18,5.49E-17,KLHL9
ENSG00000186019,130.2425393,10.51596975,1.213566692,8.665341442,4.50E-18,1.12E-16,LOC100379224
ENSG00000149516,130.5393667,10.53365436,1.197416902,8.796981525,1.41E-18,3.61E-17,MS4A3
ENSG00000143393,136.3033708,10.59411194,1.195646149,8.860574634,7.96E-19,2.06E-17,PI4KB
ENSG00000198610,139.5764131,10.62390794,1.195259093,8.88837241,6.20E-19,1.62E-17,AKR1C4
ENSG00000172775,145.4779496,10.67901161,1.200911399,8.892422553,5.98E-19,1.57E-17,FAM192A
ENSG00000184897,149.1598909,10.72217159,1.192217469,8.993469625,2.40E-19,6.47E-18,H1FX
ENSG00000131831,152.2648968,10.74932419,1.192168469,9.016615074,1.94E-19,5.29E-18,RAI2
ENSG00000188738,153.9034747,10.76441008,1.191796603,9.032086556,1.68E-19,4.67E-18,FSIP2
ENSG00000166016,155.1360306,10.77666408,1.192125763,9.03987181,1.57E-19,4.39E-18,ABTB2
ENSG00000147684,156.307847,10.78210926,1.195810225,9.016572224,1.94E-19,5.29E-18,NDUFB9
ENSG00000172459,157.8290382,10.8006732,1.193132059,9.052370293,1.40E-19,3.95E-18,OR5AR1
ENSG00000187994,164.4717444,10.86197807,1.191500837,9.116215222,7.78E-20,2.22E-18,RINL
ENSG00000170558,181.4685213,11.00150001,1.190688253,9.239614132,2.47E-20,7.12E-19,CDH2
ENSG00000175787,182.3783457,11.00998804,1.19122817,9.242551777,2.41E-20,7.06E-19,ZNF169
ENSG00000178096,200.6348305,11.14879373,1.188868461,9.377651186,6.75E-21,2.04E-19,BOLA1
ENSG00000167614,208.9702325,11.20410545,1.189168925,9.421794676,4.43E-21,1.37E-19,TTYH1
ENSG00000226492,223.1997326,11.30285225,1.188448408,9.510595642,1.90E-21,6.02E-20,CUTA
ENSG00000187514,229.0783694,11.33651803,1.192732714,9.504659259,2.01E-21,6.31E-20,PTMA
ENSG00000186815,233.4328535,11.37019631,1.188973443,9.563036397,1.14E-21,3.67E-20,TPCN1
ENSG00000087074,242.3802259,11.42274785,1.188656894,9.609793968,7.27E-22,2.38E-20,PPP1R15A
ENSG00000092020,263.1813402,11.53929392,1.186843263,9.722677188,2.41E-22,8.17E-21,EPDR1
ENSG00000086289,263.4677731,11.54064906,1.186865659,9.723635508,2.39E-22,8.17E-21,PPP2R3C
ENSG00000092094,267.3310143,11.55643852,1.206135332,9.581377992,9.58E-22,3.10E-20,OSGEP
ENSG00000148942,268.8501103,11.56943089,1.18834705,9.735734091,2.12E-22,7.34E-21,SLC5A12
ENSG00000197894,275.0224628,11.6043978,1.186865353,9.777349863,1.41E-22,4.98E-21,ADH5
ENSG00000085871,279.8616732,11.62823185,1.189510861,9.775641593,1.43E-22,5.01E-21,MGST2
ENSG00000172765,282.7770167,11.64021133,1.187376109,9.803305994,1.09E-22,3.90E-21,TMCC1
ENSG00000227175,291.6726416,11.68598271,1.186783458,9.846769123,7.08E-23,2.62E-21,NUDCD2
ENSG00000144559,311.9697944,11.78306721,1.186525923,9.930728849,3.06E-23,1.15E-21,TAMM41
ENSG00000175718,319.9856059,11.81976122,1.189863567,9.933711353,2.97E-23,1.13E-21,RBMXL3
ENSG00000008282,320.1969325,11.82095999,1.185539818,9.970951476,2.04E-23,7.86E-22,SYPL1
ENSG00000188822,323.948172,11.83775827,1.18665023,9.975777163,1.95E-23,7.58E-22,CNR2
ENSG00000175137,361.5169172,11.99512358,1.1862397,10.1118885,4.89E-24,1.96E-22,SH3BP5L
ENSG00000152767,366.4450231,12.02056405,1.186015049,10.13525423,3.85E-24,1.56E-22,FARP1
ENSG00000144485,391.0956525,12.10810457,1.186081744,10.2084908,1.82E-24,7.56E-23,HES6
ENSG00000170605,443.9120008,12.29106358,1.18830352,10.3433705,4.48E-25,1.92E-23,OR9K2
ENSG00000189275,457.4528222,12.34125438,1.186869645,10.39815487,2.53E-25,1.10E-23,LINC01164
ENSG00000177238,464.5445405,12.35882645,1.184970964,10.42964497,1.82E-25,7.99E-24,TRIM72
ENSG00000173261,492.0657565,12.44079555,1.183843493,10.50881778,7.87E-26,3.51E-24,PLAC8L1
ENSG00000186150,557.1225309,12.62028632,1.183265965,10.6656379,1.47E-26,6.88E-25,UBL4B
ENSG00000047617,587.4621878,12.70044801,1.183990665,10.72681432,7.62E-27,3.61E-25,ANO2
ENSG00000226661,630.7989943,12.8003148,1.182346988,10.82619141,2.59E-27,1.33E-25,GCHFR
ENSG00000175520,636.4707678,12.81186007,1.184226593,10.81875727,2.81E-27,1.42E-25,UBQLN3
ENSG00000176595,662.2798114,12.87081009,1.182251508,10.88669374,1.33E-27,7.08E-26,LRRC20
ENSG00000172731,670.6957646,12.88807421,1.183721159,10.88776196,1.32E-27,7.08E-26,KBTBD11
ENSG00000181610,699.7605942,12.94806363,1.186130806,10.91621899,9.64E-28,5.30E-26,MRPS23
ENSG00000157869,699.0084942,12.94814442,1.182279884,10.95184363,6.51E-28,3.64E-26,RAB28
ENSG00000144320,1440.65508,13.03171274,1.182173081,11.0235235,2.94E-28,1.68E-26,LNPK
ENSG00000172650,761.0565301,13.07193197,1.181874533,11.06033813,1.95E-28,1.13E-26,AGAP5
ENSG00000185105,813.7597767,13.16573772,1.186328128,11.09788887,1.28E-28,7.61E-27,MYADML2
ENSG00000188921,815.6425805,13.17299838,1.181990863,11.14475483,7.60E-29,4.59E-27,HACD4
ENSG00000067334,979.4822043,13.43537748,1.181441431,11.3720216,5.76E-30,3.55E-28,DNTTIP2
ENSG00000144362,1015.092533,13.48650534,1.181271629,11.41693833,3.44E-30,2.16E-28,PHOSPHO2
ENSG00000145730,1077.504972,13.57335705,1.181099335,11.49213842,1.44E-30,9.27E-29,PAM
ENSG00000075239,1139.548637,13.65329374,1.18524918,11.5193446,1.05E-30,6.91E-29,ACAT1
ENSG00000138162,1231.668861,13.76656717,1.181426623,11.65249445,2.23E-31,1.52E-29,TACC2
ENSG00000139154,2430.468124,13.7861156,1.182181604,11.66158867,2.00E-31,1.40E-29,AEBP2
ENSG00000178718,1472.413608,14.02359216,1.182403625,11.86024117,1.90E-32,1.47E-30,HNRNPH1
ENSG00000163884,1473.55692,14.02362809,1.182456102,11.85974521,1.92E-32,1.47E-30,RPP25
ENSG00000170561,1520.137229,14.06869296,1.181992854,11.90251947,1.15E-32,9.56E-31,IRX2
ENSG00000188011,1595.354315,14.13914963,1.181048947,11.97168811,5.00E-33,4.28E-31,RTP5
ENSG00000226103,1795.005456,14.31085044,1.181151507,12.11601591,8.69E-34,7.87E-32,C6orf47
ENSG00000182087,1818.088239,14.32783713,1.181139084,12.13052495,7.28E-34,6.79E-32,TMEM259
ENSG00000143373,1861.951703,14.36210027,1.180953585,12.16144347,4.99E-34,4.80E-32,ZNF687
ENSG00000153802,2000.380934,14.46554212,1.182456749,12.23346404,2.06E-34,2.05E-32,TMPRSS11D
ENSG00000166831,2032.150908,14.4899435,1.181334839,12.2657379,1.38E-34,1.42E-32,RBPMS2
ENSG00000189280,2035.250581,14.49030728,1.180355743,12.27622042,1.22E-34,1.34E-32,GJB5
ENSG00000166037,2035.014101,14.49102429,1.181046764,12.2696448,1.32E-34,1.40E-32,CEP57
ENSG00000047578,2136.846251,14.56009478,1.181713859,12.32116782,6.97E-35,8.94E-33,KIAA0556
ENSG00000144504,2240.351239,14.62896456,1.180950301,12.38745148,3.06E-35,4.28E-33,ANKMY1
ENSG00000225194,2278.353518,14.65436785,1.180491384,12.41378637,2.20E-35,3.23E-33,LINC00092
ENSG00000166828,2394.524111,14.72540706,1.180504168,12.47382894,1.04E-35,1.68E-33,SCNN1G
ENSG00000226174,2405.383119,14.73308228,1.181107772,12.47395253,1.04E-35,1.68E-33,TEX22
ENSG00000226102,2443.646572,14.75552564,1.180468591,12.49971897,7.49E-36,1.36E-33,PLCG2
ENSG00000144029,2909.672713,15.00640517,1.180951303,12.70704824,5.40E-37,1.28E-34,MRPS5
ENSG00000144369,3248.421347,15.16515788,1.180827055,12.84282725,9.44E-38,2.91E-35,FAM171B
ENSG00000174173,3604.465184,15.31524516,1.180666089,12.97169903,1.77E-38,6.06E-36,TRMT10C
ENSG00000226172,4656.690357,15.68507729,1.180781379,13.28364215,2.88E-40,1.48E-37,LOC105378933
ENSG00000179766,4933.12386,15.76785301,1.180354191,13.35857756,1.06E-40,6.50E-38,ATP8B5P
ENSG00000166164,5986.432975,16.04750177,1.179581521,13.60440248,3.77E-42,2.90E-39,BRD7
ENSG00000175182,7583.516779,16.38846002,1.180721653,13.88003682,8.37E-44,8.59E-41,FAM131A
ENSG00000167615,11431.94433,16.98099026,1.181228058,14.37570853,7.35E-47,1.13E-43,LENG8